Flow.ID,Source.IP,Source.Port,Destination.IP,Destination.Port,Protocol,Timestamp,Flow.Duration,Total.Fwd.Packets,Total.Backward.Packets,Total.Length.of.Fwd.Packets,Total.Length.of.Bwd.Packets,Fwd.Packet.Length.Max,Fwd.Packet.Length.Min,Fwd.Packet.Length.Mean,Fwd.Packet.Length.Std,Bwd.Packet.Length.Max,Bwd.Packet.Length.Min,Bwd.Packet.Length.Mean,Bwd.Packet.Length.Std,Flow.Bytes.s,Flow.Packets.s,Flow.IAT.Mean,Flow.IAT.Std,Flow.IAT.Max,Flow.IAT.Min,Fwd.IAT.Total,Fwd.IAT.Mean,Fwd.IAT.Std,Fwd.IAT.Max,Fwd.IAT.Min,Bwd.IAT.Total,Bwd.IAT.Mean,Bwd.IAT.Std,Bwd.IAT.Max,Bwd.IAT.Min,Fwd.PSH.Flags,Bwd.PSH.Flags,Fwd.URG.Flags,Bwd.URG.Flags,Fwd.Header.Length,Bwd.Header.Length,Fwd.Packets.s,Bwd.Packets.s,Min.Packet.Length,Max.Packet.Length,Packet.Length.Mean,Packet.Length.Std,Packet.Length.Variance,FIN.Flag.Count,SYN.Flag.Count,RST.Flag.Count,PSH.Flag.Count,ACK.Flag.Count,URG.Flag.Count,CWE.Flag.Count,ECE.Flag.Count,Down.Up.Ratio,Average.Packet.Size,Avg.Fwd.Segment.Size,Avg.Bwd.Segment.Size,Fwd.Header.Length.1,Fwd.Avg.Bytes.Bulk,Fwd.Avg.Packets.Bulk,Fwd.Avg.Bulk.Rate,Bwd.Avg.Bytes.Bulk,Bwd.Avg.Packets.Bulk,Bwd.Avg.Bulk.Rate,Subflow.Fwd.Packets,Subflow.Fwd.Bytes,Subflow.Bwd.Packets,Subflow.Bwd.Bytes,Init_Win_bytes_forward,Init_Win_bytes_backward,act_data_pkt_fwd,min_seg_size_forward,Active.Mean,Active.Std,Active.Max,Active.Min,Idle.Mean,Idle.Std,Idle.Max,Idle.Min,Label,L7Protocol,ProtocolName
172.19.1.46-10.200.7.7-52422-3128-6,172.19.1.46,52422,10.200.7.7,3128,6,26/04/201711:11:17,45523,22,55,132,110414,6,6,6,0,4380,1187,2007.527273,768.4816886,2428354.898,1691.452672,598.9868421,816.0613456,3880,1,45523,2167.761905,1319.384512,5988,698,41178,762.5555556,1230.34822,5133,1,0,0,0,0,440,1100,483.2721921,1208.18048,6,4380,1417.333333,1121.579194,1257939.887,0,0,0,0,1,0,0,0,2,1435.74026,6,2007.527273,440,0,0,0,0,0,0,22,132,55,110414,256,490,21,20,0,0,0,0,0,0,0,0,BENIGN,131,HTTP_PROXY
172.19.1.46-10.200.7.7-52422-3128-6,10.200.7.7,3128,172.19.1.46,52422,6,26/04/201711:11:17,1,2,0,12,0,6,6,6,0,0,0,0,0,1.20E+07,2.00E+06,1,0,1,1,1,1,0,1,1,0,0,0,0,0,0,0,0,0,40,0,2.00E+06,0,6,6,6,0,0,0,0,0,0,1,1,0,0,0,9,6,0,40,0,0,0,0,0,0,2,12,0,0,490,-1,1,20,0,0,0,0,0,0,0,0,BENIGN,131,HTTP_PROXY
10.200.7.217-50.31.185.39-38848-80-6,50.31.185.39,80,10.200.7.217,38848,6,26/04/201711:11:17,1,3,0,674,0,337,0,224.6666667,194.5670407,0,0,0,0,6.74E+08,3.00E+06,0.5,0.707106781,1,0,1,0.5,0.707106781,1,0,0,0,0,0,0,1,0,0,0,96,0,3.00E+06,0,0,337,252.75,168.5,28392.25,0,1,0,0,1,0,0,0,0,337,224.6666667,0,96,0,0,0,0,0,0,3,674,0,0,888,-1,1,32,0,0,0,0,0,0,0,0,BENIGN,7,HTTP
10.200.7.217-50.31.185.39-38848-80-6,50.31.185.39,80,10.200.7.217,38848,6,26/04/201711:11:17,217,1,3,0,0,0,0,0,0,0,0,0,0,0,18433.17972,72.33333333,62.66046069,110,0,0,0,0,0,0,107,53.5,75.66042559,107,0,0,0,0,0,32,96,4608.294931,13824.88479,0,0,0,0,0,0,0,0,0,1,1,0,0,3,0,0,0,32,0,0,0,0,0,0,1,0,3,0,888,490,0,32,0,0,0,0,0,0,0,0,BENIGN,7,HTTP
192.168.72.43-10.200.7.7-55961-3128-6,192.168.72.43,55961,10.200.7.7,3128,6,26/04/201711:11:17,78068,5,0,1076,0,529,6,215.2,286.4588976,0,0,0,0,13782.85597,64.04672849,19517,25758.50235,54313,0,78068,19517,25758.50235,54313,0,0,0,0,0,0,1,0,0,0,100,0,64.04672849,0,6,529,267.5,286.4588976,82058.7,0,1,0,0,1,0,0,0,0,321,215.2,0,100,0,0,0,0,0,0,5,1076,0,0,253,-1,4,20,0,0,0,0,0,0,0,0,BENIGN,131,HTTP_PROXY
172.19.1.56-10.200.7.6-50004-3128-6,10.200.7.6,3128,172.19.1.56,50004,6,26/04/201711:11:17,105069,136,0,313554,0,5840,6,2305.544118,1220.822406,0,0,0,0,2984267.481,1294.387498,778.2888889,4540.424367,51842,0,105069,778.2888889,4540.424367,51842,0,0,0,0,0,0,0,0,0,0,2720,0,1294.387498,0,6,5840,2299.372263,1218.46914,1484667.044,0,0,0,0,1,0,0,0,0,2316.279412,2305.544118,0,2720,0,0,0,0,0,0,136,313554,0,0,254,-1,135,20,0,0,0,0,0,0,0,0,BENIGN,131,HTTP_PROXY
192.168.72.43-10.200.7.7-55963-3128-6,192.168.72.43,55963,10.200.7.7,3128,6,26/04/201711:11:17,104443,5,0,1076,0,529,6,215.2,286.4588976,0,0,0,0,10302.27014,47.8730025,26110.75,31559.20615,63644,0,104443,26110.75,31559.20615,63644,0,0,0,0,0,0,1,0,0,0,100,0,47.8730025,0,6,529,267.5,286.4588976,82058.7,0,1,0,0,1,0,0,0,0,321,215.2,0,100,0,0,0,0,0,0,5,1076,0,0,253,-1,4,20,0,0,0,0,0,0,0,0,BENIGN,131,HTTP_PROXY
192.168.10.47-10.200.7.6-51848-3128-6,192.168.10.47,51848,10.200.7.6,3128,6,26/04/201711:11:17,11002,3,12,232,3664,226,0,77.33333333,128.784057,3628,0,305.3333333,1046.372898,354117.4332,1363.388475,785.8571429,2099.118418,7865,0,10012,5006,4043.236575,7865,2147,10788,980.7272727,2880.864908,9625,0,0,0,0,0,72,300,272.677695,1090.71078,0,3628,243.5,904.2505552,817669.0667,0,0,0,1,0,0,0,0,4,259.7333333,77.33333333,305.3333333,72,0,0,0,0,0,0,3,232,12,3664,8192,245,2,20,0,0,0,0,0,0,0,0,BENIGN,130,HTTP_CONNECT
10.200.7.217-68.67.178.197-57300-443-6,68.67.178.197,443,10.200.7.217,57300,6,26/04/201711:11:17,108503,10,6,6904,1302,1448,0,690.4,660.894209,1302,0,217,531.5392742,75629.24527,147.4613605,7233.533333,22428.90379,87416,0,98566,10951.77778,32194.05612,96790,0,99128,19825.6,39101.31134,89362,0,1,0,0,0,320,216,92.16335032,55.29801019,0,1448,497.8823529,624.762143,390327.7353,0,1,0,0,1,0,0,0,0,529,690.4,217,320,0,0,0,0,0,0,10,6904,6,1302,60,1000,7,32,0,0,0,0,0,0,0,0,BENIGN,91,SSL
192.168.72.43-10.200.7.7-55977-3128-6,192.168.72.43,55977,10.200.7.7,3128,6,26/04/201711:11:17,118415,7,0,2210,0,1096,0,315.7142857,533.0433736,0,0,0,0,18663.17612,59.1141325,19735.83333,46768.32453,115185,1,118415,19735.83333,46768.32453,115185,1,0,0,0,0,0,0,0,0,0,164,0,59.1141325,0,0,1096,276.25,505.9683079,256003.9286,0,0,0,1,0,0,0,0,0,315.7142857,315.7142857,0,164,0,0,0,0,0,0,7,2210,0,0,8192,-1,5,20,0,0,0,0,0,0,0,0,BENIGN,126,GOOGLE
192.168.180.51-10.200.7.4-57740-3128-6,10.200.7.4,3128,192.168.180.51,57740,6,26/04/201711:11:17,205118,32,4,6494,3118,1460,6,202.9375,464.0353113,1460,51,779.5,735.0793608,46860.83133,175.5087316,5860.514286,23425.8491,103196,0,205118,6616.709677,24836.18008,103196,0,99727,33242.33333,55644.75039,97490,400,1,0,0,0,640,80,156.0077614,19.50097017,6,1460,260.8378378,514.4778644,264687.473,0,1,0,0,1,0,0,0,0,268.0833333,202.9375,779.5,640,0,0,0,0,0,0,32,6494,4,3118,245,255,31,20,0,0,0,0,0,0,0,0,BENIGN,131,HTTP_PROXY
192.168.180.51-10.200.7.4-57740-3128-6,10.200.7.4,3128,192.168.180.51,57740,6,26/04/201711:11:17,3,5,0,9991,0,2920,6,1998.2,1267.837214,0,0,0,0,3330333333,1666666.667,0.75,0.5,1,0,3,0.75,0.5,1,0,0,0,0,0,0,0,0,0,0,100,0,1666666.667,0,6,2920,1908.5,1155.078136,1334205.5,0,0,0,0,1,0,0,0,0,2290.2,1998.2,0,100,0,0,0,0,0,0,5,9991,0,0,353,-1,4,20,0,0,0,0,0,0,0,0,BENIGN,131,HTTP_PROXY
192.168.180.51-10.200.7.4-57740-3128-6,10.200.7.4,3128,192.168.180.51,57740,6,26/04/201711:11:17,131,3,0,5611,0,4145,6,1870.333333,2099.788164,0,0,0,0,42832061.07,22900.76336,65.5,91.21677477,130,1,131,65.5,91.21677477,130,1,0,0,0,0,0,0,0,0,0,60,0,22900.76336,0,6,4145,1767.75,1726.702131,2981500.25,0,0,0,0,1,0,0,0,0,2357,1870.333333,0,60,0,0,0,0,0,0,3,5611,0,0,353,-1,2,20,0,0,0,0,0,0,0,0,BENIGN,131,HTTP_PROXY
192.168.180.51-10.200.7.4-57740-3128-6,10.200.7.4,3128,192.168.180.51,57740,6,26/04/201711:11:17,6,3,0,5611,0,4380,6,1870.333333,2257.27941,0,0,0,0,935166666.7,5.00E+05,3,4.242640687,6,0,6,3,4.242640687,6,0,0,0,0,0,0,0,0,0,0,60,0,5.00E+05,0,6,4380,2497.75,2229.681648,4971480.25,0,0,0,0,1,0,0,0,0,3330.333333,1870.333333,0,60,0,0,0,0,0,0,3,5611,0,0,353,-1,2,20,0,0,0,0,0,0,0,0,BENIGN,131,HTTP_PROXY
172.19.1.45-10.200.7.6-50227-3128-6,10.200.7.6,3128,172.19.1.45,50227,6,26/04/201711:11:17,108338,123,0,192822,0,5840,0,1567.658537,959.8652299,0,0,0,0,1779818.716,1135.335709,888.0163934,5028.130154,53525,0,108338,888.0163934,5028.130154,53525,0,0,0,0,0,0,0,0,0,0,2508,0,1135.335709,0,0,5840,1555.016129,966.2658321,933669.6583,0,0,0,1,1,0,0,0,0,1567.658537,1567.658537,0,2508,0,0,0,0,0,0,123,192822,0,0,14600,-1,119,20,0,0,0,0,0,0,0,0,BENIGN,131,HTTP_PROXY
212.124.124.94-10.200.7.194-443-44447-6,212.124.124.94,443,10.200.7.194,44447,6,26/04/201711:11:17,202096,4,6,174,3130,137,0,43.5,63.76258046,1460,6,521.6666667,695.5230166,16348.66598,49.48143457,22455.11111,43251.08047,99333,1,202096,67365.33333,58342.707,101685,1,102562,20512.4,43442.89432,98215,104,0,0,0,0,92,120,19.79257383,29.68886074,0,1460,300.3636364,554.8821988,307894.2545,0,0,0,1,1,0,0,0,1,330.4,43.5,521.6666667,92,0,0,0,0,0,0,4,174,6,3130,14600,245,3,20,0,0,0,0,0,0,0,0,BENIGN,91,SSL
192.168.180.51-10.200.7.4-57741-3128-6,10.200.7.4,3128,192.168.180.51,57741,6,26/04/201711:11:17,202151,31,4,1861,3118,992,6,60.03225806,178.4919202,1460,51,779.5,735.0793608,24630.10324,173.1379019,5945.617647,23551.0657,99331,0,202151,6738.366667,25013.09756,99331,0,100509,33503,57050.41198,99377,106,1,0,0,0,620,80,153.3507131,19.78718878,6,1460,139.3888889,355.4102079,126316.4159,0,1,0,0,1,0,0,0,0,143.3714286,60.03225806,779.5,620,0,0,0,0,0,0,31,1861,4,3118,245,255,30,20,0,0,0,0,0,0,0,0,BENIGN,7,HTTP
192.168.180.51-10.200.7.4-57741-3128-6,10.200.7.4,3128,192.168.180.51,57741,6,26/04/201711:11:17,1,2,0,998,0,992,6,499,697.2072862,0,0,0,0,9.98E+08,2.00E+06,1,0,1,1,1,1,0,1,1,0,0,0,0,0,1,0,0,0,40,0,2.00E+06,0,6,992,663.3333333,569.2673654,324065.3333,0,1,0,0,1,0,0,0,0,995,499,0,40,0,0,0,0,0,0,2,998,0,0,353,-1,1,20,0,0,0,0,0,0,0,0,BENIGN,7,HTTP
192.168.180.51-10.200.7.4-57741-3128-6,10.200.7.4,3128,192.168.180.51,57741,6,26/04/201711:11:17,1,2,0,998,0,992,6,499,697.2072862,0,0,0,0,9.98E+08,2.00E+06,1,0,1,1,1,1,0,1,1,0,0,0,0,0,1,0,0,0,40,0,2.00E+06,0,6,992,663.3333333,569.2673654,324065.3333,0,1,0,0,1,0,0,0,0,995,499,0,40,0,0,0,0,0,0,2,998,0,0,353,-1,1,20,0,0,0,0,0,0,0,0,BENIGN,7,HTTP
172.217.30.13-10.200.7.217-443-41526-6,172.217.30.13,443,10.200.7.217,41526,6,26/04/201711:11:17,1,2,0,0,0,0,0,0,0,0,0,0,0,0,2.00E+06,1,0,1,1,1,1,0,1,1,0,0,0,0,0,0,0,0,0,64,0,2.00E+06,0,0,0,0,0,0,0,0,0,0,1,1,0,0,0,0,0,0,64,0,0,0,0,0,0,2,0,0,0,393,-1,0,32,0,0,0,0,0,0,0,0,BENIGN,126,GOOGLE
172.217.30.13-10.200.7.217-443-41526-6,172.217.30.13,443,10.200.7.217,41526,6,26/04/201711:11:17,620,2,5,126,0,63,63,63,0,0,0,0,0,203225.8065,11290.32258,103.3333333,238.5277063,590,0,0,0,0,0,0,30,7.5,8.544003745,19,1,1,0,0,0,64,184,3225.806452,8064.516129,0,63,23.625,32.60559768,1063.125,0,1,0,0,1,0,0,0,2,27,63,0,64,0,0,0,0,0,0,2,126,5,0,393,992,1,32,0,0,0,0,0,0,0,0,BENIGN,126,GOOGLE
192.168.180.37-10.200.7.9-1978-3128-6,10.200.7.9,3128,192.168.180.37,1978,6,26/04/201711:11:17,229417,64,13,55282,2010,4344,0,863.78125,1099.830932,1448,0,154.6153846,396.3181673,249728.66,335.6333663,3018.644737,14799.0798,95680,0,229411,3641.444444,16246.08021,95680,0,208179,17348.25,36562.30421,99437,110,1,0,0,0,2048,416,278.9679928,56.66537353,0,4344,735.0128205,1044.566765,1091119.727,0,1,0,0,1,0,0,0,0,744.5584416,863.78125,154.6153846,2048,0,0,0,0,0,0,64,55282,13,2010,108,32648,38,32,0,0,0,0,0,0,0,0,BENIGN,7,HTTP
192.168.180.37-10.200.7.9-1978-3128-6,10.200.7.9,3128,192.168.180.37,1978,6,26/04/201711:11:17,13,2,0,0,0,0,0,0,0,0,0,0,0,0,153846.1538,13,0,13,13,13,13,0,13,13,0,0,0,0,0,0,0,0,0,64,0,153846.1538,0,0,0,0,0,0,0,0,0,0,1,1,0,0,0,0,0,0,64,0,0,0,0,0,0,2,0,0,0,215,-1,0,32,0,0,0,0,0,0,0,0,BENIGN,7,HTTP
192.168.180.37-10.200.7.9-1978-3128-6,10.200.7.9,3128,192.168.180.37,1978,6,26/04/201711:11:17,94,2,0,0,0,0,0,0,0,0,0,0,0,0,21276.59574,94,0,94,94,94,94,0,94,94,0,0,0,0,0,0,0,0,0,64,0,21276.59574,0,0,0,0,0,0,0,0,0,0,1,1,0,0,0,0,0,0,64,0,0,0,0,0,0,2,0,0,0,215,-1,0,32,0,0,0,0,0,0,0,0,BENIGN,7,HTTP
192.168.32.49-10.200.7.9-54500-3128-6,192.168.32.49,54500,10.200.7.9,3128,6,26/04/201711:11:17,10662,4,13,270,2802,258,0,67.5,127.0314922,924,0,215.5384615,403.8945026,288126.0551,1594.447571,666.375,2129.600585,8609,0,10662,3554,5609.640719,10031,249,9811,817.5833333,2459.825694,8609,0,0,0,0,0,92,320,375.1641343,1219.283437,0,924,170.6666667,351.7900443,123756.2353,0,0,0,1,0,0,0,0,3,180.7058824,67.5,215.5384615,92,0,0,0,0,0,0,4,270,13,2802,8192,108,3,20,0,0,0,0,0,0,0,0,BENIGN,126,GOOGLE
192.168.32.49-10.200.7.9-54500-3128-6,10.200.7.9,3128,192.168.32.49,54500,6,26/04/201711:11:17,100,2,0,12,0,6,6,6,0,0,0,0,0,120000,20000,100,0,100,100,100,100,0,100,100,0,0,0,0,0,0,0,0,0,40,0,20000,0,6,6,6,0,0,0,0,0,0,1,1,0,0,0,9,6,0,40,0,0,0,0,0,0,2,12,0,0,108,-1,1,20,0,0,0,0,0,0,0,0,BENIGN,7,HTTP
10.200.7.196-65.55.44.54-52798-443-6,65.55.44.54,443,10.200.7.196,52798,6,26/04/201711:11:17,275970,8,8,7701,1184,1436,0,962.625,631.8430948,709,0,148,252.5362775,32195.5285,57.97731637,18398,36254.21156,91220,0,275970,39424.28571,49106.42601,97785,1,187671,26810.14286,43535.74185,94419,0,0,0,0,0,256,280,28.98865819,28.98865819,0,1436,607.1176471,643.4984346,414090.2353,0,0,0,0,1,0,0,0,1,645.0625,962.625,148,256,0,0,0,0,0,0,8,7701,8,1184,516,364,6,32,0,0,0,0,0,0,0,0,BENIGN,91,SSL
192.168.72.43-10.200.7.7-55991-3128-6,192.168.72.43,55991,10.200.7.7,3128,6,26/04/201711:11:17,120170,7,0,940,0,461,0,134.2857143,223.204476,0,0,0,0,7822.25181,58.25081135,20028.33333,48275.89129,118567,0,120170,20028.33333,48275.89129,118567,0,0,0,0,0,0,0,0,0,0,164,0,58.25081135,0,0,461,117.5,212.030995,44957.14286,0,0,0,1,0,0,0,0,0,134.2857143,134.2857143,0,164,0,0,0,0,0,0,7,940,0,0,8192,-1,5,20,0,0,0,0,0,0,0,0,BENIGN,131,HTTP_PROXY
192.168.72.43-10.200.7.7-55989-3128-6,192.168.72.43,55989,10.200.7.7,3128,6,26/04/201711:11:17,169292,277,0,2360,0,439,0,8.519855596,36.82248549,0,0,0,0,13940.41065,1636.226165,613.3768116,1972.974711,19860,0,169292,613.3768116,1972.974711,19860,0,0,0,0,0,0,0,0,0,0,6068,0,1636.226165,0,0,439,8.489208633,36.75951055,1351.261616,0,0,0,1,0,0,0,0,0,8.519855596,8.519855596,0,6068,0,0,0,0,0,0,277,2360,0,0,8192,-1,249,20,0,0,0,0,0,0,0,0,BENIGN,131,HTTP_PROXY
192.168.180.51-10.200.7.4-57743-3128-6,192.168.180.51,57743,10.200.7.4,3128,6,26/04/201711:11:17,313980,7,41,3355,1989,1460,0,479.2857143,645.0968181,992,0,48.51219512,157.1971886,17020.19237,152.8759794,6680.425532,25237.59545,104280,0,209186,34864.33333,52661.8676,103106,86,313896,7847.4,27239.27633,104280,0,0,0,0,0,152,880,22.29441366,130.5815657,0,1460,109.0612245,309.8053427,95979.35034,0,0,0,1,0,0,0,0,5,111.3333333,479.2857143,48.51219512,152,0,0,0,0,0,0,7,3355,41,1989,8192,353,6,20,0,0,0,0,0,0,0,0,BENIGN,130,HTTP_CONNECT
192.168.180.51-10.200.7.4-57743-3128-6,10.200.7.4,3128,192.168.180.51,57743,6,26/04/201711:11:17,486,3,0,1004,0,992,6,334.6666667,569.2673654,0,0,0,0,2065843.621,6172.839506,243,328.0975465,475,11,486,243,328.0975465,475,11,0,0,0,0,0,0,0,0,0,60,0,6172.839506,0,6,992,252.5,493,243049,0,0,0,0,1,1,0,0,0,336.6666667,334.6666667,0,60,0,0,0,0,0,0,3,1004,0,0,353,-1,2,20,0,0,0,0,0,0,0,0,BENIGN,7,HTTP
192.168.180.51-10.200.7.4-57743-3128-6,10.200.7.4,3128,192.168.180.51,57743,6,26/04/201711:11:17,1807,1,2,6,12,6,6,6,0,6,6,6,0,9961.26176,1660.210293,903.5,309.0056634,1122,685,0,0,0,0,0,1122,1122,0,1122,1122,0,0,0,0,20,40,553.4034311,1106.806862,6,6,6,0,0,0,0,0,0,1,1,0,0,2,8,6,6,20,0,0,0,0,0,0,1,6,2,12,353,252,0,20,0,0,0,0,0,0,0,0,BENIGN,7,HTTP
192.168.180.51-10.200.7.4-57742-3128-6,192.168.180.51,57742,10.200.7.4,3128,6,26/04/201711:11:17,332779,5,42,1664,2028,1363,0,332.8,584.4148355,992,0,48.28571429,155.275253,11094.45007,141.2348736,7234.326087,27092.12017,110127,0,222208,55552,63032.7181,111480,611,332684,8114.243902,28608.7482,110127,0,0,0,0,0,112,900,15.02498655,126.209887,0,1363,76.91666667,240.6735083,57923.73759,0,0,0,1,0,0,0,0,8,78.55319149,332.8,48.28571429,112,0,0,0,0,0,0,5,1664,42,2028,8192,353,4,20,0,0,0,0,0,0,0,0,BENIGN,7,HTTP
192.168.180.51-10.200.7.4-57742-3128-6,10.200.7.4,3128,192.168.180.51,57742,6,26/04/201711:11:17,1,2,0,998,0,992,6,499,697.2072862,0,0,0,0,9.98E+08,2.00E+06,1,0,1,1,1,1,0,1,1,0,0,0,0,0,1,0,0,0,40,0,2.00E+06,0,6,992,663.3333333,569.2673654,324065.3333,0,1,0,0,1,0,0,0,0,995,499,0,40,0,0,0,0,0,0,2,998,0,0,353,-1,1,20,0,0,0,0,0,0,0,0,BENIGN,7,HTTP
192.168.180.51-10.200.7.4-57742-3128-6,192.168.180.51,57742,10.200.7.4,3128,6,26/04/201711:11:17,1291,2,0,12,0,6,6,6,0,0,0,0,0,9295.120062,1549.186677,1291,0,1291,1291,1291,1291,0,1291,1291,0,0,0,0,0,0,0,0,0,40,0,1549.186677,0,6,6,6,0,0,0,0,0,0,1,0,0,0,0,9,6,0,40,0,0,0,0,0,0,2,12,0,0,252,-1,1,20,0,0,0,0,0,0,0,0,BENIGN,7,HTTP
192.168.72.43-10.200.7.7-55994-3128-6,192.168.72.43,55994,10.200.7.7,3128,6,26/04/201711:11:17,39640,7,0,870,0,426,0,124.2857143,206.1275611,0,0,0,0,21947.52775,176.5893037,6606.666667,15396.802,38024,0,39640,6606.666667,15396.802,38024,0,0,0,0,0,0,0,0,0,0,164,0,176.5893037,0,0,426,108.75,195.8306484,38349.64286,0,0,0,1,0,0,0,0,0,124.2857143,124.2857143,0,164,0,0,0,0,0,0,7,870,0,0,8192,-1,5,20,0,0,0,0,0,0,0,0,BENIGN,131,HTTP_PROXY
192.168.72.43-10.200.7.7-55980-3128-6,192.168.72.43,55980,10.200.7.7,3128,6,26/04/201711:11:17,247289,15,0,1388,0,258,0,92.53333333,112.5197549,0,0,0,0,5612.865918,60.65777289,17663.5,36373.06449,123553,0,247289,17663.5,36373.06449,123553,0,0,0,0,0,0,0,0,0,0,324,0,60.65777289,0,0,258,86.75,111.1386521,12351.8,0,0,0,1,0,0,0,0,0,92.53333333,92.53333333,0,324,0,0,0,0,0,0,15,1388,0,0,8192,-1,13,20,0,0,0,0,0,0,0,0,BENIGN,124,YOUTUBE
179.1.4.251-10.200.7.217-443-37557-6,10.200.7.217,37557,179.1.4.251,443,6,26/04/201711:11:17,243047,21,17,922,9330,258,0,43.9047619,93.55902135,2048,0,548.8235294,647.042815,42181.14192,156.3483606,6568.837838,29999.5599,182523,0,243047,12152.35,40524.01131,182523,0,49652,3103.25,7938.189084,28749,0,0,0,0,0,688,560,86.40304139,69.94531922,0,2048,262.8717949,495.7646502,245782.5884,0,0,0,1,0,0,0,0,0,269.7894737,43.9047619,548.8235294,688,0,0,0,0,0,0,21,922,17,9330,14600,243,4,32,0,0,0,0,0,0,0,0,BENIGN,124,YOUTUBE
179.1.4.251-10.200.7.217-443-37557-6,10.200.7.217,37557,179.1.4.251,443,6,26/04/201711:11:17,10022,1,1,0,0,0,0,0,0,0,0,0,0,0,199.5609659,10022,0,10022,10022,0,0,0,0,0,0,0,0,0,0,0,0,0,0,32,32,99.78048294,99.78048294,0,0,0,0,0,0,0,0,0,1,1,0,0,1,0,0,0,32,0,0,0,0,0,0,1,0,1,0,1000,243,0,32,0,0,0,0,0,0,0,0,BENIGN,124,YOUTUBE
192.168.180.51-10.200.7.4-57744-3128-6,192.168.180.51,57744,10.200.7.4,3128,6,26/04/201711:11:17,316245,6,41,1992,1987,1460,0,332,563.1678258,990,0,48.46341463,156.8971156,12582.01711,148.6189505,6874.891304,25709.41991,104997,0,210847,42169.4,56106.92122,104435,313,316116,7902.9,27466.61081,104997,0,0,0,0,0,132,880,18.97263198,129.6463185,0,1460,82.89583333,252.5721502,63792.69105,0,0,0,1,0,0,0,0,6,84.65957447,332,48.46341463,132,0,0,0,0,0,0,6,1992,41,1987,8192,353,5,20,0,0,0,0,0,0,0,0,BENIGN,130,HTTP_CONNECT
192.168.72.43-10.200.7.7-55973-3128-6,192.168.72.43,55973,10.200.7.7,3128,6,26/04/201711:11:17,251594,8,0,1502,0,1460,6,187.75,514.0666299,0,0,0,0,5969.93569,31.79726067,35942,81749.1124,220536,0,251594,35942,81749.1124,220536,0,0,0,0,0,0,0,0,0,0,160,0,31.79726067,0,6,1460,167.5555556,484.6666667,234901.7778,0,0,0,0,1,0,0,0,0,188.5,187.75,0,160,0,0,0,0,0,0,8,1502,0,0,256,-1,7,20,0,0,0,0,0,0,0,0,BENIGN,131,HTTP_PROXY
172.17.1.110-10.200.7.5-49450-3128-6,10.200.7.5,3128,172.17.1.110,49450,6,26/04/201711:11:18,46280,9,0,30,0,6,0,3.333333333,3.16227766,0,0,0,0,648.2281763,194.4684529,5785,14812.99208,42315,0,46280,5785,14812.99208,42315,0,0,0,0,0,0,0,0,0,0,228,0,194.4684529,0,0,6,3,3.16227766,10,0,0,0,1,1,0,0,0,0,3.333333333,3.333333333,0,228,0,0,0,0,0,0,9,30,0,0,14600,-1,5,20,0,0,0,0,0,0,0,0,BENIGN,7,HTTP
172.17.1.110-10.200.7.5-49450-3128-6,10.200.7.5,3128,172.17.1.110,49450,6,26/04/201711:11:18,15,2,0,323,0,317,6,161.5,219.9102089,0,0,0,0,21533333.33,133333.3333,15,0,15,15,15,15,0,15,15,0,0,0,0,0,1,0,0,0,40,0,133333.3333,0,6,317,213.3333333,179.5559337,32240.33333,0,1,0,0,1,0,0,0,0,320,161.5,0,40,0,0,0,0,0,0,2,323,0,0,229,-1,1,20,0,0,0,0,0,0,0,0,BENIGN,7,HTTP
192.168.180.37-10.200.7.9-1980-3128-6,192.168.180.37,1980,10.200.7.9,3128,6,26/04/201711:11:17,308270,14,73,2214,69631,1448,0,158.1428571,380.9988607,4344,0,953.8493151,1191.981971,233058.6823,282.2201317,3584.534884,16391.02445,94167,0,308270,23713.07692,40376.32426,97742,6,308226,4280.916667,17890.89046,94167,0,0,0,0,0,460,2376,45.41473384,236.8053979,0,4344,816.4204545,1136.126093,1290782.499,0,0,0,1,0,0,0,0,5,825.8045977,158.1428571,953.8493151,460,0,0,0,0,0,0,14,2214,73,69631,65535,215,6,32,0,0,0,0,0,0,0,0,BENIGN,130,HTTP_CONNECT
192.168.180.37-10.200.7.9-1980-3128-6,10.200.7.9,3128,192.168.180.37,1980,6,26/04/201711:11:18,80,5,1,0,0,0,0,0,0,0,0,0,0,0,75000,16,27.57716447,64,0,80,20,39.33615809,79,0,0,0,0,0,0,0,0,0,0,160,32,62500,12500,0,0,0,0,0,0,0,0,0,1,0,0,0,0,0,0,0,160,0,0,0,0,0,0,5,0,1,0,215,32768,0,32,0,0,0,0,0,0,0,0,BENIGN,7,HTTP
207.244.80.182-10.200.7.199-443-46617-6,10.200.7.199,46617,207.244.80.182,443,6,26/04/201711:11:17,302791,16,10,2070,14046,1448,0,129.375,358.5291945,6781,2,1404.6,2017.248577,53224.83165,85.86780981,12111.64,28667.8992,89806,1,302791,20186.06667,36585.90258,93937,1,201346,22371.77778,41918.62597,100650,37,0,0,0,0,340,204,52.84172911,33.0260807,0,6781,596.8888889,1371.819828,1881889.641,0,0,0,1,0,0,0,0,0,619.8461538,129.375,1404.6,340,0,0,0,0,0,0,16,2070,10,14046,5840,34752,15,20,0,0,0,0,0,0,0,0,BENIGN,91,SSL
192.168.180.37-10.200.7.9-1980-3128-6,10.200.7.9,3128,192.168.180.37,1980,6,26/04/201711:11:18,1,2,0,0,0,0,0,0,0,0,0,0,0,0,2.00E+06,1,0,1,1,1,1,0,1,1,0,0,0,0,0,0,0,0,0,64,0,2.00E+06,0,0,0,0,0,0,0,0,0,0,1,1,0,0,0,0,0,0,64,0,0,0,0,0,0,2,0,0,0,215,-1,0,32,0,0,0,0,0,0,0,0,BENIGN,7,HTTP
192.168.72.43-10.200.7.7-56001-3128-6,192.168.72.43,56001,10.200.7.7,3128,6,26/04/201711:11:18,84530,35,0,3006,0,533,0,85.88571429,179.9852562,0,0,0,0,35561.33917,414.0541819,2486.176471,5788.964038,21256,0,84530,2486.176471,5788.964038,21256,0,0,0,0,0,0,0,0,0,0,724,0,414.0541819,0,0,533,83.5,177.9719882,31674.02857,0,0,0,1,0,0,0,0,0,85.88571429,85.88571429,0,724,0,0,0,0,0,0,35,3006,0,0,8192,-1,33,20,0,0,0,0,0,0,0,0,BENIGN,131,HTTP_PROXY
151.101.64.84-10.200.7.196-443-38890-6,10.200.7.196,38890,151.101.64.84,443,6,26/04/201711:11:17,201725,6,7,1405,994,837,0,234.1666667,358.1772839,564,0,142,199.0787114,11892.42781,64.44416904,16810.41667,25074.19043,59464,0,115913,23182.6,30375.81645,59521,213,148609,24768.16667,28951.89747,61694,0,0,0,0,0,200,232,29.74346263,34.70070641,0,837,171.3571429,268.6598098,72178.09341,0,0,0,1,0,0,0,0,1,184.5384615,234.1666667,142,200,0,0,0,0,0,0,6,1405,7,994,14600,62,3,32,0,0,0,0,0,0,0,0,BENIGN,91,SSL
151.101.64.84-10.200.7.196-443-38890-6,10.200.7.196,38890,151.101.64.84,443,6,26/04/201711:11:18,130,4,0,0,0,0,0,0,0,0,0,0,0,0,30769.23077,43.33333333,60.92892034,113,0,130,43.33333333,60.92892034,113,0,0,0,0,0,0,0,0,0,0,152,0,30769.23077,0,0,0,0,0,0,0,0,0,0,1,0,0,0,0,0,0,0,152,0,0,0,0,0,0,4,0,0,0,245,-1,0,32,0,0,0,0,0,0,0,0,BENIGN,91,SSL
192.168.51.50-10.200.7.6-62803-3128-6,192.168.51.50,62803,10.200.7.6,3128,6,26/04/201711:11:17,284136,6,9,1631,1063,837,0,271.8333333,339.2741762,834,0,118.1111111,273.2455143,9481.375116,52.79162091,20295.42857,42421.46481,134643,4,197991,39598.2,60147.90322,136376,149,284068,35508.5,52201.69402,134643,97,0,0,0,0,132,192,21.11664837,31.67497255,0,837,168.375,293.0471805,85876.65,0,0,0,1,0,0,0,0,1,179.6,271.8333333,118.1111111,132,0,0,0,0,0,0,6,1631,9,1063,8192,288,5,20,0,0,0,0,0,0,0,0,BENIGN,130,HTTP_CONNECT
192.168.51.50-10.200.7.6-62803-3128-6,192.168.51.50,62803,10.200.7.6,3128,6,26/04/201711:11:18,681,2,0,12,0,6,6,6,0,0,0,0,0,17621.14537,2936.857562,681,0,681,681,681,681,0,681,681,0,0,0,0,0,0,0,0,0,40,0,2936.857562,0,6,6,6,0,0,0,0,0,0,1,0,0,0,0,9,6,0,40,0,0,0,0,0,0,2,12,0,0,2049,-1,1,20,0,0,0,0,0,0,0,0,BENIGN,130,HTTP_CONNECT
172.19.1.58-10.200.7.8-50386-3128-6,172.19.1.58,50386,10.200.7.8,3128,6,26/04/201711:11:17,559624,144,532,889,972157,325,0,6.173611111,26.90577442,5840,0,1827.362782,846.5061494,1738749.589,1207.953912,829.0725926,8390.210767,202168,0,559624,3913.454545,21884.06098,255530,0,554928,1045.062147,9469.532388,202168,0,0,0,0,0,3532,10676,257.3156262,950.6382857,0,5840,1437.29099,1059.294146,1122104.088,0,0,0,1,0,0,0,0,3,1439.41716,6.173611111,1827.362782,3532,0,0,0,0,0,0,144,889,532,972157,8192,490,95,20,0,0,0,0,0,0,0,0,BENIGN,131,HTTP_PROXY
172.19.1.58-10.200.7.8-50386-3128-6,10.200.7.8,3128,172.19.1.58,50386,6,26/04/201711:11:18,1,2,0,12,0,6,6,6,0,0,0,0,0,1.20E+07,2.00E+06,1,0,1,1,1,1,0,1,1,0,0,0,0,0,0,0,0,0,40,0,2.00E+06,0,6,6,6,0,0,0,0,0,0,1,1,0,0,0,9,6,0,40,0,0,0,0,0,0,2,12,0,0,490,-1,1,20,0,0,0,0,0,0,0,0,BENIGN,7,HTTP
192.168.72.43-10.200.7.7-55996-3128-6,192.168.72.43,55996,10.200.7.7,3128,6,26/04/201711:11:17,251334,9,0,1074,0,522,0,119.3333333,228.3046211,0,0,0,0,4273.198214,35.80892358,31416.75,69961.2895,199111,0,251334,31416.75,69961.2895,199111,0,0,0,0,0,0,0,0,0,0,204,0,35.80892358,0,0,522,107.4,218.5305471,47755.6,0,0,0,1,0,0,0,0,0,119.3333333,119.3333333,0,204,0,0,0,0,0,0,9,1074,0,0,8192,-1,7,20,0,0,0,0,0,0,0,0,BENIGN,131,HTTP_PROXY
190.60.67.98-10.200.7.217-80-54171-6,10.200.7.217,54171,190.60.67.98,80,6,26/04/201711:11:17,608877,139,587,11598,1217608,609,0,83.43884892,204.7108641,11584,42,2074.289608,1161.234625,2018808.396,1192.359048,839.8303448,7240.007823,124096,0,608877,4412.152174,16405.98338,124096,0,598212,1020.83959,9126.118347,134422,0,1,0,0,0,4448,18784,228.289129,964.0699189,0,11584,1691.623109,1308.276914,1711588.483,0,1,0,0,1,0,0,0,4,1693.953168,83.43884892,2074.289608,4448,0,0,0,0,0,0,139,11598,587,1217608,1321,2740,19,32,0,0,0,0,0,0,0,0,BENIGN,7,HTTP
190.60.67.98-10.200.7.217-80-54171-6,10.200.7.217,54171,190.60.67.98,80,6,26/04/201711:11:18,173,1,3,0,0,0,0,0,0,0,0,0,0,0,23121.38728,57.66666667,58.0459588,117,1,0,0,0,0,0,56,28,38.18376618,55,1,0,0,0,0,32,96,5780.346821,17341.04046,0,0,0,0,0,0,0,0,0,1,1,0,0,3,0,0,0,32,0,0,0,0,0,0,1,0,3,0,4088,2740,0,32,0,0,0,0,0,0,0,0,BENIGN,7,HTTP
172.17.1.110-10.200.7.5-49451-3128-6,10.200.7.5,3128,172.17.1.110,49451,6,26/04/201711:11:18,104619,10,0,3713,0,3683,0,371.3,1163.616589,0,0,0,0,35490.68525,95.58493199,11624.33333,33099.24139,99794,0,104619,11624.33333,33099.24139,99794,0,0,0,0,0,0,0,0,0,0,248,0,95.58493199,0,0,3683,337.5454545,1109.565804,1231136.273,0,0,0,1,1,0,0,0,0,371.3,371.3,0,248,0,0,0,0,0,0,10,3713,0,0,14600,-1,6,20,0,0,0,0,0,0,0,0,BENIGN,7,HTTP
172.17.1.110-10.200.7.5-49451-3128-6,10.200.7.5,3128,172.17.1.110,49451,6,26/04/201711:11:18,29,5,0,6609,0,2223,6,1321.8,806.3480638,0,0,0,0,227896551.7,172413.7931,7.25,11.84271928,25,1,29,7.25,11.84271928,25,1,0,0,0,0,0,0,0,0,0,100,0,172413.7931,0,6,2223,1344.833333,723.4230897,523340.9667,0,0,0,0,1,0,0,0,0,1613.8,1321.8,0,100,0,0,0,0,0,0,5,6609,0,0,229,-1,4,20,0,0,0,0,0,0,0,0,BENIGN,7,HTTP
172.17.1.110-10.200.7.5-49451-3128-6,10.200.7.5,3128,172.17.1.110,49451,6,26/04/201711:11:18,460,3,0,3689,0,2223,6,1229.666667,1126.304725,0,0,0,0,8019565.217,6521.73913,230,325.2691193,460,0,460,230,325.2691193,460,0,0,0,0,0,0,0,0,0,0,60,0,6521.73913,0,6,2223,1287.25,926.8071986,858971.5833,0,0,0,0,1,0,0,0,0,1716.333333,1229.666667,0,60,0,0,0,0,0,0,3,3689,0,0,229,-1,2,20,0,0,0,0,0,0,0,0,BENIGN,7,HTTP
190.60.67.98-10.200.7.217-80-54170-6,10.200.7.217,54170,190.60.67.98,80,6,26/04/201711:11:17,430816,34,51,4858,86153,577,0,142.8823529,242.0069827,4344,252,1689.27451,977.2907055,211252.5997,197.3000074,5128.761905,30374.08435,268537,0,430816,13055.0303,48269.07883,268537,0,419010,8380.2,41065.73809,279190,0,1,0,0,0,1088,1632,78.92000297,118.3800045,0,4344,1064.5,1077.869814,1161803.335,0,1,0,0,1,0,0,0,1,1077.023529,142.8823529,1689.27451,1088,0,0,0,0,0,0,34,4858,51,86153,1321,1803,8,32,0,0,0,0,0,0,0,0,BENIGN,7,HTTP
190.60.67.98-10.200.7.217-80-54170-6,10.200.7.217,54170,190.60.67.98,80,6,26/04/201711:11:18,29,1,3,0,0,0,0,0,0,0,0,0,0,0,137931.0345,9.666666667,15.88500341,28,0,0,0,0,0,0,1,0.5,0.707106781,1,0,0,0,0,0,32,96,34482.75862,103448.2759,0,0,0,0,0,0,0,0,0,1,1,0,0,3,0,0,0,32,0,0,0,0,0,0,1,0,3,0,1411,1803,0,32,0,0,0,0,0,0,0,0,BENIGN,7,HTTP
192.168.72.43-10.200.7.7-56005-3128-6,192.168.72.43,56005,10.200.7.7,3128,6,26/04/201711:11:18,140794,7,0,864,0,423,0,123.4285714,204.6638359,0,0,0,0,6136.62514,49.71802776,23465.66667,57018.8677,139854,0,140794,23465.66667,57018.8677,139854,0,0,0,0,0,0,0,0,0,0,164,0,49.71802776,0,0,423,108,194.4420589,37807.71429,0,0,0,1,0,0,0,0,0,123.4285714,123.4285714,0,164,0,0,0,0,0,0,7,864,0,0,8192,-1,5,20,0,0,0,0,0,0,0,0,BENIGN,131,HTTP_PROXY
190.60.67.98-10.200.7.217-80-54173-6,10.200.7.217,54173,190.60.67.98,80,6,26/04/201711:11:18,56587,7,4,2324,1016,585,0,332,310.574736,255,253,254,1.154700538,59024.15749,194.3909378,5658.7,10740.12838,33512,0,56587,9431.166667,13078.93512,33512,0,44430,14810,25615.308,44388,0,1,0,0,0,224,128,123.7033241,70.68761376,0,585,327.0833333,246.207399,60618.08333,0,1,0,0,1,0,0,0,0,356.8181818,332,254,224,0,0,0,0,0,0,7,2324,4,1016,1321,1681,3,32,0,0,0,0,0,0,0,0,BENIGN,7,HTTP
190.60.67.98-10.200.7.217-80-54173-6,10.200.7.217,54173,190.60.67.98,80,6,26/04/201711:11:18,292,1,3,0,0,0,0,0,0,0,0,0,0,0,13698.63014,97.33333333,152.3690695,273,1,0,0,0,0,0,19,9.5,12.02081528,18,1,0,0,0,0,32,96,3424.657534,10273.9726,0,0,0,0,0,0,0,0,0,1,1,0,0,3,0,0,0,32,0,0,0,0,0,0,1,0,3,0,1321,1681,0,32,0,0,0,0,0,0,0,0,BENIGN,7,HTTP
192.168.10.47-10.200.7.6-51849-3128-6,192.168.10.47,51849,10.200.7.6,3128,6,26/04/201711:11:18,98397,3,12,232,744,226,0,77.33333333,128.784057,708,0,62,203.4591762,9919.001596,152.4436721,7028.357143,25281.30072,94838,0,3361,1680.5,1024.597726,2405,956,98289,8935.363636,28505.09411,94838,0,0,0,0,0,72,300,30.48873441,121.9549377,0,708,61,181.3019581,32870.4,0,0,0,1,0,0,0,0,4,65.06666667,77.33333333,62,72,0,0,0,0,0,0,3,232,12,744,8192,245,2,20,0,0,0,0,0,0,0,0,BENIGN,130,HTTP_CONNECT
190.60.67.98-10.200.7.217-80-54175-6,10.200.7.217,54175,190.60.67.98,80,6,26/04/201711:11:18,73839,7,4,2336,1016,591,0,333.7142857,312.2134496,255,253,254,1.154700538,45396.06441,148.9727651,7383.9,11495.21828,32998,0,73839,12306.5,14266.68107,32998,0,49851,16617,28779.75622,49849,1,1,0,0,0,224,128,94.8008505,54.17191457,0,591,328.5833333,247.9305102,61469.53788,0,1,0,0,1,0,0,0,0,358.4545455,333.7142857,254,224,0,0,0,0,0,0,7,2336,4,1016,1321,1403,3,32,0,0,0,0,0,0,0,0,BENIGN,7,HTTP
190.60.67.98-10.200.7.217-80-54175-6,10.200.7.217,54175,190.60.67.98,80,6,26/04/201711:11:18,283,1,3,0,0,0,0,0,0,0,0,0,0,0,14134.27562,94.33333333,144.7561167,261,0,0,0,0,0,0,22,11,15.55634919,22,0,0,0,0,0,32,96,3533.568905,10600.70671,0,0,0,0,0,0,0,0,0,1,1,0,0,3,0,0,0,32,0,0,0,0,0,0,1,0,3,0,1321,1403,0,32,0,0,0,0,0,0,0,0,BENIGN,7,HTTP
172.19.1.57-10.200.7.7-50184-3128-6,172.19.1.57,50184,10.200.7.7,3128,6,26/04/201711:11:17,671266,159,502,919,916870,325,0,5.779874214,25.64081196,5840,0,1826.434263,808.0990499,1367250.836,984.7065098,1017.069697,8700.673551,198196,0,671266,4248.518987,21653.61256,258783,0,666574,1330.487026,10035.74122,198196,0,0,0,0,0,3920,10076,236.8658624,747.8406474,0,5840,1386.388218,1050.513294,1103578.18,0,0,0,1,0,0,0,0,3,1388.485628,5.779874214,1826.434263,3920,0,0,0,0,0,0,159,919,502,916870,8192,490,100,20,0,0,0,0,0,0,0,0,BENIGN,131,HTTP_PROXY
192.168.72.43-10.200.7.7-56008-3128-6,192.168.72.43,56008,10.200.7.7,3128,6,26/04/201711:11:18,92878,9,0,2154,0,534,0,239.3333333,279.5550035,0,0,0,0,23191.71386,96.9013114,11609.75,21376.43185,51300,0,92878,11609.75,21376.43185,51300,0,0,0,0,0,0,0,0,0,0,204,0,96.9013114,0,0,534,215.4,274.2181613,75195.6,0,0,0,1,0,0,0,0,0,239.3333333,239.3333333,0,204,0,0,0,0,0,0,9,2154,0,0,8192,-1,7,20,0,0,0,0,0,0,0,0,BENIGN,131,HTTP_PROXY
192.168.72.43-10.200.7.7-56000-3128-6,192.168.72.43,56000,10.200.7.7,3128,6,26/04/201711:11:18,347402,43,0,10010,0,534,0,232.7906977,247.9149776,0,0,0,0,28813.88132,123.7759138,8271.47619,14363.28921,46704,0,347402,8271.47619,14363.28921,46704,0,0,0,0,0,0,0,0,0,0,884,0,123.7759138,0,0,534,227.5,247.515891,61264.11628,0,0,0,1,0,0,0,0,0,232.7906977,232.7906977,0,884,0,0,0,0,0,0,43,10010,0,0,8192,-1,41,20,0,0,0,0,0,0,0,0,BENIGN,131,HTTP_PROXY
172.19.1.64-10.200.7.8-49863-3128-6,172.19.1.64,49863,10.200.7.8,3128,6,26/04/201711:11:18,192268,123,376,1194,684258,792,0,9.707317073,71.17776542,5840,0,1819.835106,826.197077,3565086.234,2595.335677,386.0803213,832.0647717,12018,0,192268,1575.967213,1807.229773,15772,0,189104,504.2773333,1111.044921,12018,0,0,0,0,0,3192,7556,639.7320407,1955.603637,0,5840,1370.904,1061.395007,1126559.362,0,0,0,1,0,0,0,0,3,1373.651303,9.707317073,1819.835106,3192,0,0,0,0,0,0,123,1194,376,684258,8192,506,68,20,0,0,0,0,0,0,0,0,BENIGN,131,HTTP_PROXY
192.168.180.37-10.200.7.9-1982-3128-6,192.168.180.37,1982,10.200.7.9,3128,6,26/04/201711:11:17,606743,14,66,2214,47866,1448,0,158.1428571,380.9988607,5792,0,725.2424242,1374.517035,82539.06514,131.8515418,7680.291139,38254.31912,306645,0,606743,46672.53846,88258.51792,306645,48,606699,9333.830769,42125.85243,307287,0,0,0,0,0,460,2152,23.07401981,108.7775219,0,5792,618.2716049,1268.822939,1609911.65,0,0,0,1,0,0,0,0,4,626,158.1428571,725.2424242,460,0,0,0,0,0,0,14,2214,66,47866,65535,215,6,32,0,0,0,0,0,0,0,0,BENIGN,130,HTTP_CONNECT
192.168.180.37-10.200.7.9-1982-3128-6,10.200.7.9,3128,192.168.180.37,1982,6,26/04/201711:11:18,86,5,0,0,0,0,0,0,0,0,0,0,0,0,58139.53488,21.5,37.2424489,77,0,86,21.5,37.2424489,77,0,0,0,0,0,0,0,0,0,0,160,0,58139.53488,0,0,0,0,0,0,0,0,0,0,1,0,0,0,0,0,0,0,160,0,0,0,0,0,0,5,0,0,0,215,-1,0,32,0,0,0,0,0,0,0,0,BENIGN,7,HTTP
207.244.80.182-10.200.7.199-443-46622-6,10.200.7.199,46622,207.244.80.182,443,6,26/04/201711:11:18,299053,16,8,2070,14759,1448,0,129.375,358.5291945,5792,0,1844.875,2163.407526,56274.30589,80.25333302,13002.30435,29969.08878,93683,0,299053,19936.86667,36956.40068,98590,0,200481,28640.14286,46285.05364,97779,31,0,0,0,0,340,168,53.50222201,26.75111101,0,5792,673.16,1455.709726,2119090.807,0,0,0,1,0,0,0,0,0,701.2083333,129.375,1844.875,340,0,0,0,0,0,0,16,2070,8,14759,5840,282,15,20,0,0,0,0,0,0,0,0,BENIGN,91,SSL
192.168.180.37-10.200.7.9-1982-3128-6,10.200.7.9,3128,192.168.180.37,1982,6,26/04/201711:11:18,1,2,0,0,0,0,0,0,0,0,0,0,0,0,2.00E+06,1,0,1,1,1,1,0,1,1,0,0,0,0,0,0,0,0,0,64,0,2.00E+06,0,0,0,0,0,0,0,0,0,0,1,1,0,0,0,0,0,0,64,0,0,0,0,0,0,2,0,0,0,215,-1,0,32,0,0,0,0,0,0,0,0,BENIGN,7,HTTP
192.168.180.37-10.200.7.9-1982-3128-6,10.200.7.9,3128,192.168.180.37,1982,6,26/04/201711:11:18,1,2,0,0,0,0,0,0,0,0,0,0,0,0,2.00E+06,1,0,1,1,1,1,0,1,1,0,0,0,0,0,0,0,0,0,64,0,2.00E+06,0,0,0,0,0,0,0,0,0,0,1,1,0,0,0,0,0,0,64,0,0,0,0,0,0,2,0,0,0,215,-1,0,32,0,0,0,0,0,0,0,0,BENIGN,7,HTTP
192.168.72.43-10.200.7.7-56007-3128-6,192.168.72.43,56007,10.200.7.7,3128,6,26/04/201711:11:18,269695,35,0,6925,0,534,0,197.8571429,239.9075978,0,0,0,0,25677.15382,129.7762287,7932.205882,13276.31157,45670,0,269695,7932.205882,13276.31157,45670,0,0,0,0,0,0,0,0,0,0,724,0,129.7762287,0,0,534,192.3611111,238.7438739,56998.6373,0,0,0,1,0,0,0,0,0,197.8571429,197.8571429,0,724,0,0,0,0,0,0,35,6925,0,0,8192,-1,33,20,0,0,0,0,0,0,0,0,BENIGN,131,HTTP_PROXY
10.200.7.195-104.91.156.236-37458-80-6,10.200.7.195,37458,104.91.156.236,80,6,26/04/201711:11:18,37651,3,3,169,0,169,0,56.33333333,97.57219549,0,0,0,0,4488.5926,159.3583172,7530.2,16381.2461,36833,16,448,224,21.21320344,239,209,37428,18714,25624.13554,36833,595,0,0,0,0,104,104,79.67915859,79.67915859,0,169,24.14285714,63.87599594,4080.142857,0,0,0,1,0,0,0,0,1,28.16666667,56.33333333,0,104,0,0,0,0,0,0,3,169,3,0,14600,804,1,32,0,0,0,0,0,0,0,0,BENIGN,7,HTTP
179.1.4.231-10.200.7.217-443-56687-6,179.1.4.231,443,10.200.7.217,56687,6,26/04/201711:11:18,1017,2,5,126,0,63,63,63,0,0,0,0,0,123893.8053,6882.989184,169.5,293.4953151,725,0,1,1,0,1,1,738,184.5,360.3854418,725,0,1,0,0,0,64,184,1966.568338,4916.420846,0,63,23.625,32.60559768,1063.125,0,1,0,0,1,0,0,0,2,27,63,0,64,0,0,0,0,0,0,2,126,5,0,252,524,1,32,0,0,0,0,0,0,0,0,BENIGN,91,SSL
192.168.72.43-10.200.7.7-56015-3128-6,192.168.72.43,56015,10.200.7.7,3128,6,26/04/201711:11:18,29463,7,0,994,0,488,0,142,236.378228,0,0,0,0,33737.22975,237.586125,4910.5,11479.06391,28335,0,29463,4910.5,11479.06391,28335,0,0,0,0,0,0,0,0,0,0,164,0,237.586125,0,0,488,124.25,224.5285537,50413.07143,0,0,0,1,0,0,0,0,0,142,142,0,164,0,0,0,0,0,0,7,994,0,0,8192,-1,5,20,0,0,0,0,0,0,0,0,BENIGN,131,HTTP_PROXY
179.1.4.210-10.200.7.217-443-51536-6,179.1.4.210,443,10.200.7.217,51536,6,26/04/201711:11:18,1041,2,5,126,0,63,63,63,0,0,0,0,0,121037.464,6724.303554,173.5,350.3311291,876,0,0,0,0,0,0,877,219.25,437.8335871,876,0,1,0,0,0,64,184,1921.229587,4803.073967,0,63,23.625,32.60559768,1063.125,0,1,0,0,1,0,0,0,2,27,63,0,64,0,0,0,0,0,0,2,126,5,0,252,1000,1,32,0,0,0,0,0,0,0,0,BENIGN,91,SSL
10.200.7.195-104.91.156.236-37461-80-6,10.200.7.195,37461,104.91.156.236,80,6,26/04/201711:11:18,37534,3,3,169,0,169,0,56.33333333,97.57219549,0,0,0,0,4502.584324,159.8550647,7506.8,16290.52735,36647,1,476,238,335.1686143,475,1,37274,18637,25469.98626,36647,627,0,0,0,0,104,104,79.92753237,79.92753237,0,169,24.14285714,63.87599594,4080.142857,0,0,0,1,0,0,0,0,1,28.16666667,56.33333333,0,104,0,0,0,0,0,0,3,169,3,0,14600,804,1,32,0,0,0,0,0,0,0,0,BENIGN,7,HTTP
192.168.42.31-10.200.7.5-52680-3128-6,192.168.42.31,52680,10.200.7.5,3128,6,26/04/201711:11:18,405528,7,33,669,17153,242,0,95.57142857,114.309313,2920,0,519.7878788,991.380028,43947.64357,98.63683889,10398.15385,31214.34157,132145,0,405528,67588,57895.19761,137634,1654,350844,10963.875,33475.19231,132145,0,0,0,0,0,152,720,17.26144681,81.37539208,0,2920,434.6829268,905.014349,819050.972,0,0,0,1,0,0,0,0,4,445.55,95.57142857,519.7878788,152,0,0,0,0,0,0,7,669,33,17153,8192,279,6,20,0,0,0,0,0,0,0,0,BENIGN,124,YOUTUBE
216.58.202.225-10.200.7.195-443-44858-6,10.200.7.195,44858,216.58.202.225,443,6,26/04/201711:11:18,346773,8,3,443,2799,242,0,55.375,103.1184305,2799,0,933,1616.003403,9349.055434,31.72103941,34677.3,53688.73908,131344,0,346773,49539,59265.60965,132341,0,138459,69229.5,96754.12798,137645,814,0,0,0,0,264,104,23.06984685,8.651192567,0,2799,270.1666667,800.9928876,641589.6061,0,0,0,1,0,0,0,0,0,294.7272727,55.375,933,264,0,0,0,0,0,0,8,443,3,2799,14600,340,2,32,0,0,0,0,0,0,0,0,BENIGN,124,YOUTUBE
192.168.42.31-10.200.7.5-52677-3128-6,192.168.42.31,52677,10.200.7.5,3128,6,26/04/201711:11:18,407686,7,30,669,11635,242,0,95.57142857,114.309313,4215,0,387.8333333,977.8328284,30180.08958,90.75612113,11324.61111,32320.89899,132918,0,407686,67947.66667,58165.75614,139821,2142,360994,12448.06897,35385.61227,132918,0,0,0,0,0,152,660,17.17007697,73.58604416,0,4215,323.7894737,876.1004866,767552.0626,0,0,0,1,0,0,0,0,4,332.5405405,95.57142857,387.8333333,152,0,0,0,0,0,0,7,669,30,11635,8192,279,6,20,0,0,0,0,0,0,0,0,BENIGN,124,YOUTUBE
192.168.42.31-10.200.7.5-52680-3128-6,10.200.7.5,3128,192.168.42.31,52680,6,26/04/201711:11:18,12,2,0,12,0,6,6,6,0,0,0,0,0,1.00E+06,166666.6667,12,0,12,12,12,12,0,12,12,0,0,0,0,0,0,0,0,0,40,0,166666.6667,0,6,6,6,0,0,0,0,0,0,1,1,0,0,0,9,6,0,40,0,0,0,0,0,0,2,12,0,0,279,-1,1,20,0,0,0,0,0,0,0,0,BENIGN,7,HTTP
216.58.202.225-10.200.7.195-443-44857-6,216.58.202.225,443,10.200.7.195,44857,6,26/04/201711:11:18,216013,4,5,2836,443,1418,0,709,818.6826817,242,0,88.6,122.1834686,15179.64197,41.6641591,27001.625,45858.01672,131925,39,138934,46311.33333,79346.29449,137932,228,215889,53972.25,55306.64335,132966,5883,0,0,0,0,136,160,18.51740405,23.14675506,0,1418,327.9,581.686141,338358.7667,0,0,0,1,1,0,0,0,1,364.3333333,709,88.6,136,0,0,0,0,0,0,4,2836,5,443,42408,364,2,32,0,0,0,0,0,0,0,0,BENIGN,124,YOUTUBE
192.168.42.31-10.200.7.5-52680-3128-6,10.200.7.5,3128,192.168.42.31,52680,6,26/04/201711:11:18,479,2,0,12,0,6,6,6,0,0,0,0,0,25052.19207,4175.365344,479,0,479,479,479,479,0,479,479,0,0,0,0,0,0,0,0,0,40,0,4175.365344,0,6,6,6,0,0,0,0,0,0,1,1,0,0,0,9,6,0,40,0,0,0,0,0,0,2,12,0,0,279,-1,1,20,0,0,0,0,0,0,0,0,BENIGN,7,HTTP
192.168.42.31-10.200.7.5-52677-3128-6,10.200.7.5,3128,192.168.42.31,52677,6,26/04/201711:11:18,47,2,0,12,0,6,6,6,0,0,0,0,0,255319.1489,42553.19149,47,0,47,47,47,47,0,47,47,0,0,0,0,0,0,0,0,0,40,0,42553.19149,0,6,6,6,0,0,0,0,0,0,1,1,0,0,0,9,6,0,40,0,0,0,0,0,0,2,12,0,0,279,-1,1,20,0,0,0,0,0,0,0,0,BENIGN,7,HTTP
192.168.42.31-10.200.7.5-52677-3128-6,10.200.7.5,3128,192.168.42.31,52677,6,26/04/201711:11:18,97,2,0,12,0,6,6,6,0,0,0,0,0,123711.3402,20618.5567,97,0,97,97,97,97,0,97,97,0,0,0,0,0,0,0,0,0,40,0,20618.5567,0,6,6,6,0,0,0,0,0,0,1,1,0,0,0,9,6,0,40,0,0,0,0,0,0,2,12,0,0,279,-1,1,20,0,0,0,0,0,0,0,0,BENIGN,7,HTTP
192.168.42.31-10.200.7.5-52681-3128-6,192.168.42.31,52681,10.200.7.5,3128,6,26/04/201711:11:18,407276,7,33,669,12930,242,0,95.57142857,114.309313,2836,0,391.8181818,723.2674754,33390.13347,98.2134965,10442.97436,31305.20109,133755,0,407276,67879.33333,59120.29481,143106,1139,366597,11456.15625,34201.11575,133755,0,0,0,0,0,152,720,17.18736189,81.02613461,0,2836,331.6829268,660.2593596,435942.422,0,0,0,1,0,0,0,0,4,339.975,95.57142857,391.8181818,152,0,0,0,0,0,0,7,669,33,12930,8192,279,6,20,0,0,0,0,0,0,0,0,BENIGN,124,YOUTUBE
216.58.202.225-10.200.7.195-443-44859-6,10.200.7.195,44859,216.58.202.225,443,6,26/04/201711:11:18,348841,8,4,443,4215,242,0,55.375,103.1184305,2836,0,1053.75,1354.373256,13352.78823,34.39962619,31712.81818,52342.39689,133284,0,348841,49834.42857,59589.24501,133562,0,138027,46009,79125.28766,137375,285,0,0,0,0,264,136,22.93308413,11.46654206,0,2836,358.3076923,835.3893688,697875.3974,0,0,0,1,0,0,0,0,0,388.1666667,55.375,1053.75,264,0,0,0,0,0,0,8,443,4,4215,14600,340,2,32,0,0,0,0,0,0,0,0,BENIGN,124,YOUTUBE
192.168.42.31-10.200.7.5-52681-3128-6,10.200.7.5,3128,192.168.42.31,52681,6,26/04/201711:11:18,16,2,0,12,0,6,6,6,0,0,0,0,0,750000,125000,16,0,16,16,16,16,0,16,16,0,0,0,0,0,0,0,0,0,40,0,125000,0,6,6,6,0,0,0,0,0,0,1,1,0,0,0,9,6,0,40,0,0,0,0,0,0,2,12,0,0,279,-1,1,20,0,0,0,0,0,0,0,0,BENIGN,7,HTTP
192.168.42.31-10.200.7.5-52681-3128-6,10.200.7.5,3128,192.168.42.31,52681,6,26/04/201711:11:18,44,2,0,12,0,6,6,6,0,0,0,0,0,272727.2727,45454.54545,44,0,44,44,44,44,0,44,44,0,0,0,0,0,0,0,0,0,40,0,45454.54545,0,6,6,6,0,0,0,0,0,0,1,1,0,0,0,9,6,0,40,0,0,0,0,0,0,2,12,0,0,279,-1,1,20,0,0,0,0,0,0,0,0,BENIGN,7,HTTP
192.168.42.31-10.200.7.5-52678-3128-6,192.168.42.31,52678,10.200.7.5,3128,6,26/04/201711:11:18,409589,7,30,669,8761,242,0,95.57142857,114.309313,2799,0,292.0333333,678.5096997,23023.07923,90.33445722,11377.47222,32772.44947,135771,0,409589,68264.83333,60824.48673,147370,1628,376682,12989.03448,36394.09355,135771,0,0,0,0,0,152,660,17.09030272,73.24415451,0,2799,248.1578947,608.7559102,370583.7582,0,0,0,1,0,0,0,0,4,254.8648649,95.57142857,292.0333333,152,0,0,0,0,0,0,7,669,30,8761,8192,279,6,20,0,0,0,0,0,0,0,0,BENIGN,124,YOUTUBE
216.58.202.225-10.200.7.195-443-44855-6,10.200.7.195,44855,216.58.202.225,443,6,26/04/201711:11:18,350822,7,3,443,1418,242,0,63.28571429,108.7270501,1418,0,472.6666667,818.6826817,5304.684427,28.50448376,38980.22222,56792.46646,135347,130,350822,58470.33333,61841.00605,135636,319,139583,69791.5,98475.22588,139424,159,0,0,0,0,232,104,19.95313863,8.551345127,0,1418,169.1818182,423.6557136,179484.1636,0,0,0,1,0,0,0,0,0,186.1,63.28571429,472.6666667,232,0,0,0,0,0,0,7,443,3,1418,14600,340,2,32,0,0,0,0,0,0,0,0,BENIGN,124,YOUTUBE
192.168.42.31-10.200.7.5-52678-3128-6,10.200.7.5,3128,192.168.42.31,52678,6,26/04/201711:11:18,20,2,0,12,0,6,6,6,0,0,0,0,0,6.00E+05,1.00E+05,20,0,20,20,20,20,0,20,20,0,0,0,0,0,0,0,0,0,40,0,1.00E+05,0,6,6,6,0,0,0,0,0,0,1,1,0,0,0,9,6,0,40,0,0,0,0,0,0,2,12,0,0,279,-1,1,20,0,0,0,0,0,0,0,0,BENIGN,7,HTTP
192.168.42.31-10.200.7.5-52678-3128-6,10.200.7.5,3128,192.168.42.31,52678,6,26/04/201711:11:18,28,2,0,12,0,6,6,6,0,0,0,0,0,428571.4286,71428.57143,28,0,28,28,28,28,0,28,28,0,0,0,0,0,0,0,0,0,40,0,71428.57143,0,6,6,6,0,0,0,0,0,0,1,1,0,0,0,9,6,0,40,0,0,0,0,0,0,2,12,0,0,279,-1,1,20,0,0,0,0,0,0,0,0,BENIGN,7,HTTP
10.200.7.195-104.91.156.236-37465-80-6,10.200.7.195,37465,104.91.156.236,80,6,26/04/201711:11:18,41700,3,3,169,0,169,0,56.33333333,97.57219549,0,0,0,0,4052.757794,143.8848921,8340,18299.60769,41075,31,367,183.5,215.6675683,336,31,41510,20755,28736.81959,41075,435,0,0,0,0,104,104,71.94244604,71.94244604,0,169,24.14285714,63.87599594,4080.142857,0,0,0,1,0,0,0,0,1,28.16666667,56.33333333,0,104,0,0,0,0,0,0,3,169,3,0,14600,804,1,32,0,0,0,0,0,0,0,0,BENIGN,7,HTTP
157.240.0.22-10.200.7.217-443-53809-6,10.200.7.217,53809,157.240.0.22,443,6,26/04/201711:11:18,1,2,0,0,0,0,0,0,0,0,0,0,0,0,2.00E+06,1,0,1,1,1,1,0,1,1,0,0,0,0,0,0,0,0,0,64,0,2.00E+06,0,0,0,0,0,0,0,0,0,0,1,1,0,0,0,0,0,0,64,0,0,0,0,0,0,2,0,0,0,457,-1,0,32,0,0,0,0,0,0,0,0,BENIGN,119,FACEBOOK
213.239.207.69-10.200.7.196-80-35706-6,10.200.7.196,35706,213.239.207.69,80,6,26/04/201711:11:17,661481,8,6,293,2933,292,0,36.625,103.1876758,1436,0,488.8333333,690.8216605,4876.935241,21.16462907,50883.15385,122237.6704,410682,55,661481,94497.28571,158487.9457,410919,128,618071,123614.2,183555.5172,410682,343,0,0,0,0,264,200,12.09407375,9.070555315,0,1436,215.0666667,478.9408652,229384.3524,0,0,0,1,0,0,0,0,0,230.4285714,36.625,488.8333333,264,0,0,0,0,0,0,8,293,6,2933,14600,804,2,32,0,0,0,0,0,0,0,0,BENIGN,40,CONTENT_FLASH
179.1.4.223-10.200.7.195-80-36951-6,10.200.7.195,36951,179.1.4.223,80,6,26/04/201711:11:18,40659,3,3,171,0,171,0,57,98.72689603,0,0,0,0,4205.710913,147.568804,8131.8,17673.02676,39746,119,636,318,11.3137085,326,310,40452,20226,27605.44874,39746,706,0,0,0,0,104,104,73.78440198,73.78440198,0,171,24.42857143,64.63192488,4177.285714,0,0,0,1,0,0,0,0,1,28.5,57,0,104,0,0,0,0,0,0,3,171,3,0,14600,804,1,32,0,0,0,0,0,0,0,0,BENIGN,126,GOOGLE
192.168.10.47-10.200.7.6-51850-3128-6,192.168.10.47,51850,10.200.7.6,3128,6,26/04/201711:11:18,11779,3,12,232,3664,226,0,77.33333333,128.784057,3628,0,305.3333333,1046.372898,330758.1289,1273.452755,841.3571429,1834.20503,6247,0,9910,4955,2104.349781,6443,3467,11681,1061.909091,2941.614198,9816,0,0,0,0,0,72,300,254.690551,1018.762204,0,3628,243.5,904.2505552,817669.0667,0,0,0,1,0,0,0,0,4,259.7333333,77.33333333,305.3333333,72,0,0,0,0,0,0,3,232,12,3664,8192,245,2,20,0,0,0,0,0,0,0,0,BENIGN,130,HTTP_CONNECT
192.168.10.47-10.200.7.6-51850-3128-6,10.200.7.6,3128,192.168.10.47,51850,6,26/04/201711:11:18,16,4,0,4386,0,1460,6,1096.5,727,0,0,0,0,274125000,250000,5.333333333,8.386497084,15,0,16,5.333333333,8.386497084,15,0,0,0,0,0,0,0,0,0,0,80,0,250000,0,6,1460,1169.2,650.2485679,422823.2,0,0,0,0,1,0,0,0,0,1461.5,1096.5,0,80,0,0,0,0,0,0,4,4386,0,0,245,-1,3,20,0,0,0,0,0,0,0,0,BENIGN,7,HTTP
192.168.10.47-10.200.7.6-51850-3128-6,10.200.7.6,3128,192.168.10.47,51850,6,26/04/201711:11:18,124,4,0,2932,0,1460,6,733,839.4672914,0,0,0,0,23645161.29,32258.06452,41.33333333,60.68223244,111,0,124,41.33333333,60.68223244,111,0,0,0,0,0,0,0,0,0,0,80,0,32258.06452,0,6,1460,587.6,796.3885986,634234.8,0,0,0,0,1,1,0,0,0,734.5,733,0,80,0,0,0,0,0,0,4,2932,0,0,245,-1,3,20,0,0,0,0,0,0,0,0,BENIGN,7,HTTP
192.168.10.17-10.200.7.7-53320-3128-6,10.200.7.7,3128,192.168.10.17,53320,6,26/04/201711:11:17,1128230,43,19,19232,1960,4277,6,447.255814,1080.246491,528,6,103.1578947,164.712633,18783.40409,54.95333398,18495.57377,116518.558,901577,0,226653,5396.5,23031.46486,144652,0,1124766,62487,221416.9442,939045,0,0,0,0,0,860,380,38.11279615,16.84053783,6,4277,359.5555556,918.3634599,843391.4444,0,0,0,0,1,0,0,0,0,365.3548387,447.255814,103.1578947,860,0,0,0,0,0,0,43,19232,19,1960,524,4311,42,20,0,0,0,0,0,0,0,0,BENIGN,131,HTTP_PROXY
216.58.212.195-10.200.7.217-443-38493-6,216.58.212.195,443,10.200.7.217,38493,6,26/04/201711:11:17,1129776,22,29,9232,1930,2859,0,419.6363636,887.1192299,528,0,66.55172414,141.6622205,9879.834587,45.1416918,22595.52,113707.7571,783980,0,345796,16466.47619,49348.86374,169769,0,1128863,40316.53571,177810.658,936988,0,0,0,0,0,728,952,19.47288666,25.66880514,0,2859,214.6538462,605.4501124,366569.8386,0,0,0,0,1,0,0,0,1,218.8627451,419.6363636,66.55172414,728,0,0,0,0,0,0,22,9232,29,1930,340,905,13,32,0,0,0,0,0,0,0,0,BENIGN,126,GOOGLE
192.168.10.17-10.200.7.7-53320-3128-6,10.200.7.7,3128,192.168.10.17,53320,6,26/04/201711:11:18,228,2,0,12,0,6,6,6,0,0,0,0,0,52631.57895,8771.929825,228,0,228,228,228,228,0,228,228,0,0,0,0,0,0,0,0,0,40,0,8771.929825,0,6,6,6,0,0,0,0,0,0,1,1,0,0,0,9,6,0,40,0,0,0,0,0,0,2,12,0,0,591,-1,1,20,0,0,0,0,0,0,0,0,BENIGN,131,HTTP_PROXY
172.217.29.69-10.200.7.217-443-36878-6,172.217.29.69,443,10.200.7.217,36878,6,26/04/201711:11:17,1067242,18,15,2778,136,662,0,154.3333333,243.2507784,38,0,9.066666667,15.70926327,2730.402289,30.92082208,33351.3125,128987.0727,707713,0,359529,21148.76471,57974.37777,199946,0,1066742,76195.85714,239187.8634,900401,0,1,0,0,0,576,480,16.86590295,14.05491913,0,662,94.11764706,192.2712359,36968.22816,0,1,0,0,1,0,0,0,0,96.96969697,154.3333333,9.066666667,576,0,0,0,0,0,0,18,2778,15,136,349,904,11,32,0,0,0,0,0,0,0,0,BENIGN,126,GOOGLE
216.58.202.234-10.200.7.217-443-36488-6,216.58.202.234,443,10.200.7.217,36488,6,26/04/201711:11:17,1039966,26,25,9248,2718,1418,0,355.6923077,534.0556352,1079,0,108.72,294.7016175,11506.14539,49.04006477,20799.32,69385.64153,449710,0,590256,23610.24,49795.90615,168772,0,1037195,43216.45833,127655.5346,612031,0,0,0,0,0,832,848,25.00081733,24.03924744,0,1418,230.1153846,443.8279411,196983.2413,0,0,0,0,1,0,0,0,0,234.627451,355.6923077,108.72,832,0,0,0,0,0,0,26,9248,25,2718,340,815,18,32,0,0,0,0,0,0,0,0,BENIGN,126,GOOGLE
192.168.180.37-10.200.7.9-1984-3128-6,192.168.180.37,1984,10.200.7.9,3128,6,26/04/201711:11:18,325840,13,62,766,41096,207,0,58.92307692,89.14918352,2896,0,662.8387097,1038.809978,128474.0977,230.1743187,4403.243243,18163.67327,93420,0,325840,27153.33333,41931.72097,98413,9,322643,5289.229508,19998.22381,93420,0,0,0,0,0,428,2024,39.89688191,190.2774368,0,2896,550.8157895,967.1192372,935319.6189,0,0,0,1,0,0,0,0,4,558.16,58.92307692,662.8387097,428,0,0,0,0,0,0,13,766,62,41096,65535,215,5,32,0,0,0,0,0,0,0,0,BENIGN,130,HTTP_CONNECT
192.168.180.37-10.200.7.9-1984-3128-6,192.168.180.37,1984,10.200.7.9,3128,6,26/04/201711:11:18,131,1,1,0,0,0,0,0,0,0,0,0,0,0,15267.17557,131,0,131,131,0,0,0,0,0,0,0,0,0,0,0,0,0,0,32,32,7633.587786,7633.587786,0,0,0,0,0,0,0,0,0,1,0,0,0,1,0,0,0,32,0,0,0,0,0,0,1,0,1,0,32768,215,0,32,0,0,0,0,0,0,0,0,BENIGN,130,HTTP_CONNECT
207.244.80.182-10.200.7.199-443-46624-6,10.200.7.199,46624,207.244.80.182,443,6,26/04/201711:11:18,318278,14,9,424,13405,207,0,30.28571429,60.25896495,4438,0,1489.444444,1651.761038,43449.43728,72.26386995,14467.18182,30803.27326,91100,0,318278,24482.92308,39406.43864,95850,0,219361,27420.125,48081.76979,117702,1,0,0,0,0,300,188,43.98670345,28.2771665,0,4438,576.2083333,1213.764893,1473225.216,0,0,0,1,0,0,0,0,0,601.2608696,30.28571429,1489.444444,300,0,0,0,0,0,0,14,424,9,13405,5840,282,13,20,0,0,0,0,0,0,0,0,BENIGN,91,SSL
192.168.180.37-10.200.7.9-1984-3128-6,10.200.7.9,3128,192.168.180.37,1984,6,26/04/201711:11:18,1,2,0,0,0,0,0,0,0,0,0,0,0,0,2.00E+06,1,0,1,1,1,1,0,1,1,0,0,0,0,0,0,0,0,0,64,0,2.00E+06,0,0,0,0,0,0,0,0,0,0,1,1,0,0,0,0,0,0,64,0,0,0,0,0,0,2,0,0,0,215,-1,0,32,0,0,0,0,0,0,0,0,BENIGN,7,HTTP
192.168.180.37-10.200.7.9-1984-3128-6,10.200.7.9,3128,192.168.180.37,1984,6,26/04/201711:11:18,23,2,0,0,0,0,0,0,0,0,0,0,0,0,86956.52174,23,0,23,23,23,23,0,23,23,0,0,0,0,0,0,0,0,0,64,0,86956.52174,0,0,0,0,0,0,0,0,0,0,1,1,0,0,0,0,0,0,64,0,0,0,0,0,0,2,0,0,0,215,-1,0,32,0,0,0,0,0,0,0,0,BENIGN,7,HTTP
216.58.202.225-10.200.7.195-443-44857-6,216.58.202.225,443,10.200.7.195,44857,6,26/04/201711:11:18,45343,4,3,368,18,286,0,92,130.8943594,6,6,6,0,8512.890634,154.3788457,7557.166667,18368.99206,45052,0,45343,15114.33333,26174.46325,45338,0,1,0.5,0.707106781,1,0,1,0,0,0,128,60,88.21648325,66.16236244,0,286,84,125.7616794,15816,0,1,0,0,1,0,0,0,0,96,92,6,128,0,0,0,0,0,0,4,368,3,18,349,0,2,32,0,0,0,0,0,0,0,0,BENIGN,124,YOUTUBE
179.1.4.223-10.200.7.195-80-36953-6,10.200.7.195,36953,179.1.4.223,80,6,26/04/201711:11:18,45023,3,3,171,0,171,0,57,98.72689603,0,0,0,0,3798.05877,133.26522,9004.6,19896.79663,44597,54,372,186,125.8650071,275,97,44914,22457,31310.68827,44597,317,0,0,0,0,104,104,66.63261,66.63261,0,171,24.42857143,64.63192488,4177.285714,0,0,0,1,0,0,0,0,1,28.5,57,0,104,0,0,0,0,0,0,3,171,3,0,14600,804,1,32,0,0,0,0,0,0,0,0,BENIGN,126,GOOGLE
192.168.72.43-10.200.7.7-56012-3128-6,192.168.72.43,56012,10.200.7.7,3128,6,26/04/201711:11:18,386860,9,0,1106,0,538,0,122.8888889,235.3595358,0,0,0,0,2858.91537,23.26422995,48357.5,98696.36817,271573,0,386860,48357.5,98696.36817,271573,0,0,0,0,0,0,0,0,0,0,204,0,23.26422995,0,0,538,110.6,225.2762255,50749.37778,0,0,0,1,0,0,0,0,0,122.8888889,122.8888889,0,204,0,0,0,0,0,0,9,1106,0,0,8192,-1,7,20,0,0,0,0,0,0,0,0,BENIGN,131,HTTP_PROXY
179.1.4.217-10.200.7.217-443-51934-6,179.1.4.217,443,10.200.7.217,51934,6,26/04/201711:11:18,1,2,0,0,0,0,0,0,0,0,0,0,0,0,2.00E+06,1,0,1,1,1,1,0,1,1,0,0,0,0,0,0,0,0,0,64,0,2.00E+06,0,0,0,0,0,0,0,0,0,0,1,1,0,0,0,0,0,0,64,0,0,0,0,0,0,2,0,0,0,348,-1,0,32,0,0,0,0,0,0,0,0,BENIGN,91,SSL
179.1.4.217-10.200.7.217-443-51934-6,179.1.4.217,443,10.200.7.217,51934,6,26/04/201711:11:18,689,2,5,110,0,55,55,55,0,0,0,0,0,159651.6691,10159.65167,114.8333333,162.0795072,371,0,1,1,0,1,1,637,159.25,188.3478608,371,0,1,0,0,0,64,184,2902.75762,7256.894049,0,55,20.625,28.46520432,810.2678571,0,1,0,0,1,0,0,0,2,23.57142857,55,0,64,0,0,0,0,0,0,2,110,5,0,348,2534,1,32,0,0,0,0,0,0,0,0,BENIGN,91,SSL
192.168.32.49-10.200.7.9-54498-3128-6,192.168.32.49,54498,10.200.7.9,3128,6,26/04/201711:11:17,1064471,9,46,1917,16387,1013,0,213,345.9273768,2808,0,356.2391304,615.7688305,17195.39565,51.66885711,19712.42593,85518.37904,605456,0,1064471,133058.875,199735.1725,605456,188,401704,8926.755556,28265.63481,105724,0,0,0,0,0,192,980,8.454903891,43.21395322,0,2808,326.8571429,576.5611354,332422.7429,0,0,0,1,0,0,0,0,5,332.8,213,356.2391304,192,0,0,0,0,0,0,9,1917,46,16387,8192,157,8,20,0,0,0,0,0,0,0,0,BENIGN,130,HTTP_CONNECT
10.200.7.199-50.97.172.202-52427-443-6,10.200.7.199,52427,50.97.172.202,443,6,26/04/201711:11:17,1063818,10,5,1692,5205,1013,0,169.2,337.1883087,4268,0,1041,1823.744774,6483.251834,14.10015623,75987,162284.358,619003,0,1063818,118202,195973.6188,619003,0,305861,76465.25,49008.78726,103935,3022,0,0,0,0,220,112,9.400104153,4.700052077,0,4268,431.0625,1066.430086,1137273.129,0,0,0,1,0,0,0,0,0,459.8,169.2,1041,220,0,0,0,0,0,0,10,1692,5,5205,5840,35,9,20,0,0,0,0,0,0,0,0,BENIGN,91,SSL
192.168.32.49-10.200.7.9-54498-3128-6,10.200.7.9,3128,192.168.32.49,54498,6,26/04/201711:11:18,2,2,0,12,0,6,6,6,0,0,0,0,0,6.00E+06,1.00E+06,2,0,2,2,2,2,0,2,2,0,0,0,0,0,0,0,0,0,40,0,1.00E+06,0,6,6,6,0,0,0,0,0,0,1,1,0,0,0,9,6,0,40,0,0,0,0,0,0,2,12,0,0,157,-1,1,20,0,0,0,0,0,0,0,0,BENIGN,7,HTTP
192.168.32.49-10.200.7.9-54498-3128-6,10.200.7.9,3128,192.168.32.49,54498,6,26/04/201711:11:18,152,2,0,12,0,6,6,6,0,0,0,0,0,78947.36842,13157.89474,152,0,152,152,152,152,0,152,152,0,0,0,0,0,0,0,0,0,40,0,13157.89474,0,6,6,6,0,0,0,0,0,0,1,1,0,0,0,9,6,0,40,0,0,0,0,0,0,2,12,0,0,157,-1,1,20,0,0,0,0,0,0,0,0,BENIGN,7,HTTP
179.1.4.223-10.200.7.195-80-36954-6,10.200.7.195,36954,179.1.4.223,80,6,26/04/201711:11:18,41147,3,3,171,0,171,0,57,98.72689603,0,0,0,0,4155.831531,145.8186502,8229.4,17680.24791,39855,27,915,457.5,166.1700936,575,340,40599,20299.5,27655.65332,39855,744,0,0,0,0,104,104,72.9093251,72.9093251,0,171,24.42857143,64.63192488,4177.285714,0,0,0,1,0,0,0,0,1,28.5,57,0,104,0,0,0,0,0,0,3,171,3,0,14600,804,1,32,0,0,0,0,0,0,0,0,BENIGN,126,GOOGLE
172.19.1.68-10.200.7.4-50019-3128-6,10.200.7.4,3128,172.19.1.68,50019,6,26/04/201711:11:17,1325770,240,0,412574,0,7300,0,1719.058333,994.7990339,0,0,0,0,311195.7579,181.0268749,5547.154812,36433.88331,391564,0,1325770,5547.154812,36433.88331,391564,0,0,0,0,0,0,0,0,0,0,4848,0,181.0268749,0,0,7300,1711.925311,998.8812547,997763.7611,0,0,0,1,1,0,0,0,0,1719.058333,1719.058333,0,4848,0,0,0,0,0,0,240,412574,0,0,14600,-1,236,20,0,0,0,0,0,0,0,0,BENIGN,7,HTTP
212.124.124.94-10.200.7.194-443-44455-6,10.200.7.194,44455,212.124.124.94,443,6,26/04/201711:11:18,297160,7,6,2277,628,1460,0,325.2857143,534.3584048,448,0,104.6666667,175.9405203,9775.878315,43.74747611,24763.33333,43461.52651,98749,0,200414,33402.33333,50251.57782,98814,16,199676,39935.2,53535.854,100185,0,0,0,0,0,160,132,23.55633329,20.19114282,0,1460,207.5,399.1941402,159355.9615,0,0,0,1,0,0,0,0,0,223.4615385,325.2857143,104.6666667,160,0,0,0,0,0,0,7,2277,6,628,14600,19,6,20,0,0,0,0,0,0,0,0,BENIGN,91,SSL
212.124.124.94-10.200.7.194-443-44455-6,10.200.7.194,44455,212.124.124.94,443,6,26/04/201711:11:18,1053,2,0,12,0,6,6,6,0,0,0,0,0,11396.0114,1899.335233,1053,0,1053,1053,1053,1053,0,1053,1053,0,0,0,0,0,0,0,0,0,40,0,1899.335233,0,6,6,6,0,0,0,0,0,0,1,0,0,0,0,9,6,0,40,0,0,0,0,0,0,2,12,0,0,262,-1,1,20,0,0,0,0,0,0,0,0,BENIGN,91,SSL
192.168.180.51-10.200.7.4-57747-3128-6,192.168.180.51,57747,10.200.7.4,3128,6,26/04/201711:11:18,302873,6,42,2502,2199,1970,0,417,768.5180544,479,0,52.35714286,124.7473195,15521.35714,158.4822681,6444.106383,24244.88289,98814,0,202948,40589.6,53974.88783,100408,1060,302753,7384.219512,25864.46938,98814,0,0,0,0,0,132,900,19.81028352,138.6719846,0,1970,95.93877551,299.2559111,89554.10034,0,0,0,1,0,0,0,0,7,97.9375,417,52.35714286,132,0,0,0,0,0,0,6,2502,42,2199,8192,353,5,20,0,0,0,0,0,0,0,0,BENIGN,130,HTTP_CONNECT
192.168.180.51-10.200.7.4-57747-3128-6,192.168.180.51,57747,10.200.7.4,3128,6,26/04/201711:11:18,2259,2,0,12,0,6,6,6,0,0,0,0,0,5312.084993,885.3474989,2259,0,2259,2259,2259,2259,0,2259,2259,0,0,0,0,0,0,0,0,0,40,0,885.3474989,0,6,6,6,0,0,0,0,0,0,1,0,0,0,0,9,6,0,40,0,0,0,0,0,0,2,12,0,0,254,-1,1,20,0,0,0,0,0,0,0,0,BENIGN,130,HTTP_CONNECT
212.124.124.94-10.200.7.194-443-44456-6,10.200.7.194,44456,212.124.124.94,443,6,26/04/201711:11:18,301857,6,6,817,628,510,0,136.1666667,205.4559969,448,0,104.6666667,175.9405203,4787.034921,39.75392322,27441.54545,45369.89313,98905,0,202017,40403.4,52860.906,99007,1074,204577,40915.4,55200.43012,102265,0,0,0,0,0,140,132,19.87696161,19.87696161,0,510,111.1538462,178.4651442,31849.80769,0,0,0,1,0,0,0,0,1,120.4166667,136.1666667,104.6666667,140,0,0,0,0,0,0,6,817,6,628,14600,19,5,20,0,0,0,0,0,0,0,0,BENIGN,91,SSL
212.124.124.94-10.200.7.194-443-44456-6,10.200.7.194,44456,212.124.124.94,443,6,26/04/201711:11:18,874,2,0,12,0,6,6,6,0,0,0,0,0,13729.97712,2288.329519,874,0,874,874,874,874,0,874,874,0,0,0,0,0,0,0,0,0,40,0,2288.329519,0,6,6,6,0,0,0,0,0,0,1,0,0,0,0,9,6,0,40,0,0,0,0,0,0,2,12,0,0,262,-1,1,20,0,0,0,0,0,0,0,0,BENIGN,91,SSL
192.168.180.51-10.200.7.4-57748-3128-6,192.168.180.51,57748,10.200.7.4,3128,6,26/04/201711:11:18,305658,6,40,1042,2461,510,0,173.6666667,197.3186932,479,0,61.525,128.0248348,11460.52124,150.4949977,6792.4,24915.37379,100180,0,204045,40809,54498.28997,100847,825,305595,7835.769231,26654.66239,100180,0,0,0,0,0,132,836,19.62978231,130.8652154,0,510,74.53191489,140.2781168,19677.95005,0,0,0,1,0,0,0,0,6,76.15217391,173.6666667,61.525,132,0,0,0,0,0,0,6,1042,40,2461,8192,353,5,20,0,0,0,0,0,0,0,0,BENIGN,130,HTTP_CONNECT
192.168.180.51-10.200.7.4-57748-3128-6,10.200.7.4,3128,192.168.180.51,57748,6,26/04/201711:11:18,10,2,0,12,0,6,6,6,0,0,0,0,0,1200000,2.00E+05,10,0,10,10,10,10,0,10,10,0,0,0,0,0,0,0,0,0,40,0,2.00E+05,0,6,6,6,0,0,0,0,0,0,1,1,0,0,0,9,6,0,40,0,0,0,0,0,0,2,12,0,0,353,-1,1,20,0,0,0,0,0,0,0,0,BENIGN,7,HTTP
192.168.180.51-10.200.7.4-57748-3128-6,10.200.7.4,3128,192.168.180.51,57748,6,26/04/201711:11:18,37,3,0,964,0,479,6,321.3333333,273.0866773,0,0,0,0,26054054.05,81081.08108,18.5,24.74873734,36,1,37,18.5,24.74873734,36,1,0,0,0,0,0,1,0,0,0,60,0,81081.08108,0,6,479,360.75,236.5,55932.25,0,1,0,0,1,0,0,0,0,481,321.3333333,0,60,0,0,0,0,0,0,3,964,0,0,353,-1,2,20,0,0,0,0,0,0,0,0,BENIGN,7,HTTP
192.168.180.51-10.200.7.4-57748-3128-6,10.200.7.4,3128,192.168.180.51,57748,6,26/04/201711:11:18,2071,1,2,6,12,6,6,6,0,6,6,6,0,8691.453404,1448.575567,1035.5,43.13351365,1066,1005,0,0,0,0,0,1005,1005,0,1005,1005,0,0,0,0,20,40,482.8585225,965.7170449,6,6,6,0,0,0,0,0,0,1,1,0,0,2,8,6,6,20,0,0,0,0,0,0,1,6,2,12,353,254,0,20,0,0,0,0,0,0,0,0,BENIGN,7,HTTP
10.200.7.199-104.91.156.236-60947-80-6,10.200.7.199,60947,104.91.156.236,80,6,26/04/201711:11:18,15006,3,3,164,0,164,0,54.66666667,94.68544415,0,0,0,0,10928.96175,399.840064,3001.2,6357.368103,14373,55,396,198,31.11269837,220,176,14841,7420.5,9832.319792,14373,468,0,0,0,0,104,104,199.920032,199.920032,0,164,23.42857143,61.98617357,3842.285714,0,0,0,1,0,0,0,0,1,27.33333333,54.66666667,0,104,0,0,0,0,0,0,3,164,3,0,5840,804,1,32,0,0,0,0,0,0,0,0,BENIGN,7,HTTP
212.124.124.94-10.200.7.194-443-44458-6,10.200.7.194,44458,212.124.124.94,443,6,26/04/201711:11:18,299818,6,6,817,628,510,0,136.1666667,205.4559969,448,0,104.6666667,175.9405203,4819.590552,40.0242814,27256.18182,45254.87605,98202,0,200402,40080.4,52919.88926,98407,1094,202229,40445.8,54439.03001,100081,0,0,0,0,0,140,132,20.0121407,20.0121407,0,510,111.1538462,178.4651442,31849.80769,0,0,0,1,0,0,0,0,1,120.4166667,136.1666667,104.6666667,140,0,0,0,0,0,0,6,817,6,628,14600,19,5,20,0,0,0,0,0,0,0,0,BENIGN,91,SSL
192.168.180.51-10.200.7.4-57750-3128-6,192.168.180.51,57750,10.200.7.4,3128,6,26/04/201711:11:18,305740,6,37,2502,1485,1970,0,417,768.5180544,479,0,40.13513514,86.93010032,13040.49192,140.6423759,7279.52381,25963.42189,103325,0,201949,40389.8,53868.51202,99639,833,305631,8489.75,27913.66722,103325,0,0,0,0,0,132,800,19.62451756,121.0178583,0,1970,90.61363636,303.7289348,92251.26586,0,0,0,1,0,0,0,0,6,92.72093023,417,40.13513514,132,0,0,0,0,0,0,6,2502,37,1485,8192,324,5,20,0,0,0,0,0,0,0,0,BENIGN,130,HTTP_CONNECT
192.168.180.51-10.200.7.4-57750-3128-6,10.200.7.4,3128,192.168.180.51,57750,6,26/04/201711:11:18,2022,1,2,6,12,6,6,6,0,6,6,6,0,8902.077151,1483.679525,1011,722.6631304,1522,500,0,0,0,0,0,1522,1522,0,1522,1522,0,0,0,0,20,40,494.5598417,989.1196835,6,6,6,0,0,0,0,0,0,1,1,0,0,2,8,6,6,20,0,0,0,0,0,0,1,6,2,12,324,254,0,20,0,0,0,0,0,0,0,0,BENIGN,7,HTTP
212.124.124.94-10.200.7.194-443-44454-6,10.200.7.194,44454,212.124.124.94,443,6,26/04/201711:11:18,322573,7,6,3211,913,1460,0,458.7142857,683.8632208,733,0,152.1666667,289.1929575,12784.703,40.30095513,26881.08333,46759.08659,104870,0,214927,35821.16667,53191.737,105006,72,218635,43727,58400.86277,108570,0,0,0,0,0,160,132,21.7005143,18.60044083,0,1460,294.5714286,527.7837136,278555.6484,0,0,0,1,0,0,0,0,0,317.2307692,458.7142857,152.1666667,160,0,0,0,0,0,0,7,3211,6,913,14600,22,6,20,0,0,0,0,0,0,0,0,BENIGN,91,SSL
212.124.124.94-10.200.7.194-443-44454-6,10.200.7.194,44454,212.124.124.94,443,6,26/04/201711:11:18,1,2,0,12,0,6,6,6,0,0,0,0,0,1.20E+07,2.00E+06,1,0,1,1,1,1,0,1,1,0,0,0,0,0,0,0,0,0,40,0,2.00E+06,0,6,6,6,0,0,0,0,0,0,1,0,0,0,0,9,6,0,40,0,0,0,0,0,0,2,12,0,0,268,-1,1,20,0,0,0,0,0,0,0,0,BENIGN,91,SSL
192.168.180.51-10.200.7.4-57746-3128-6,192.168.180.51,57746,10.200.7.4,3128,6,26/04/201711:11:18,328348,7,41,3436,1663,1460,0,490.8571429,664.0387611,764,0,40.56097561,122.4602076,15529.25555,146.1863632,6986.12766,26197.67377,109433,0,218710,36451.66667,54656.60292,107867,104,328269,8206.725,28273.09184,109433,0,0,0,0,0,152,880,21.31884464,124.8675186,0,1460,104.0612245,305.1288941,93103.64201,0,0,0,1,0,0,0,0,5,106.2291667,490.8571429,40.56097561,152,0,0,0,0,0,0,7,3436,41,1663,8192,353,6,20,0,0,0,0,0,0,0,0,BENIGN,130,HTTP_CONNECT
192.168.180.51-10.200.7.4-57746-3128-6,10.200.7.4,3128,192.168.180.51,57746,6,26/04/201711:11:18,142,4,0,1540,0,764,6,385,437.631504,0,0,0,0,10845070.42,28169.01408,47.33333333,79.38723659,139,1,142,47.33333333,79.38723659,139,1,0,0,0,0,0,0,0,0,0,80,0,28169.01408,0,6,764,309.2,415.1736986,172369.2,0,0,0,0,1,1,0,0,0,386.5,385,0,80,0,0,0,0,0,0,4,1540,0,0,353,-1,3,20,0,0,0,0,0,0,0,0,BENIGN,7,HTTP
192.168.180.51-10.200.7.4-57746-3128-6,192.168.180.51,57746,10.200.7.4,3128,6,26/04/201711:11:18,1452,2,0,12,0,6,6,6,0,0,0,0,0,8264.46281,1377.410468,1452,0,1452,1452,1452,1452,0,1452,1452,0,0,0,0,0,0,0,0,0,40,0,1377.410468,0,6,6,6,0,0,0,0,0,0,1,0,0,0,0,9,6,0,40,0,0,0,0,0,0,2,12,0,0,252,-1,1,20,0,0,0,0,0,0,0,0,BENIGN,130,HTTP_CONNECT
212.124.124.94-10.200.7.194-443-44457-6,10.200.7.194,44457,212.124.124.94,443,6,26/04/201711:11:18,320315,7,6,3212,913,1460,0,458.8571429,684.1034105,733,0,152.1666667,289.1929575,12877.94827,40.58504909,26692.91667,46747.27756,104310,0,212836,35472.66667,53409.04379,104464,44,216023,43204.6,57585.10551,106626,0,0,0,0,0,160,132,21.85348797,18.73156112,0,1460,294.6428571,527.9512808,278732.5549,0,0,0,1,0,0,0,0,0,317.3076923,458.8571429,152.1666667,160,0,0,0,0,0,0,7,3212,6,913,14600,22,6,20,0,0,0,0,0,0,0,0,BENIGN,91,SSL
212.124.124.94-10.200.7.194-443-44457-6,10.200.7.194,44457,212.124.124.94,443,6,26/04/201711:11:18,399,2,0,12,0,6,6,6,0,0,0,0,0,30075.18797,5012.531328,399,0,399,399,399,399,0,399,399,0,0,0,0,0,0,0,0,0,40,0,5012.531328,0,6,6,6,0,0,0,0,0,0,1,0,0,0,0,9,6,0,40,0,0,0,0,0,0,2,12,0,0,268,-1,1,20,0,0,0,0,0,0,0,0,BENIGN,91,SSL
192.168.180.51-10.200.7.4-57749-3128-6,192.168.180.51,57749,10.200.7.4,3128,6,26/04/201711:11:18,324445,7,40,3437,1788,1460,0,491,664.2780542,764,0,44.7,124.6622514,16104.42448,144.8627656,7053.152174,26312.70395,107979,0,216215,36035.83333,54176.06361,106092,151,324357,8316.846154,28447.85907,107979,0,0,0,0,0,152,860,21.57530552,123.2874601,0,1460,108.8541667,307.7857081,94732.04211,0,0,0,1,0,0,0,0,5,111.1702128,491,44.7,152,0,0,0,0,0,0,7,3437,40,1788,8192,353,6,20,0,0,0,0,0,0,0,0,BENIGN,130,HTTP_CONNECT
192.168.180.51-10.200.7.4-57749-3128-6,10.200.7.4,3128,192.168.180.51,57749,6,26/04/201711:11:18,199,3,0,776,0,764,6,258.6666667,437.631504,0,0,0,0,3899497.487,15075.37688,99.5,139.3000359,198,1,199,99.5,139.3000359,198,1,0,0,0,0,0,0,0,0,0,60,0,15075.37688,0,6,764,195.5,379,143641,0,0,0,0,1,1,0,0,0,260.6666667,258.6666667,0,60,0,0,0,0,0,0,3,776,0,0,353,-1,2,20,0,0,0,0,0,0,0,0,BENIGN,7,HTTP
192.168.180.51-10.200.7.4-57749-3128-6,10.200.7.4,3128,192.168.180.51,57749,6,26/04/201711:11:18,1,2,0,770,0,764,6,385,535.9869401,0,0,0,0,7.70E+08,2.00E+06,1,0,1,1,1,1,0,1,1,0,0,0,0,0,1,0,0,0,40,0,2.00E+06,0,6,764,511.3333333,437.631504,191521.3333,0,1,0,0,1,0,0,0,0,767,385,0,40,0,0,0,0,0,0,2,770,0,0,353,-1,1,20,0,0,0,0,0,0,0,0,BENIGN,7,HTTP
192.168.180.51-10.200.7.4-57749-3128-6,192.168.180.51,57749,10.200.7.4,3128,6,26/04/201711:11:18,1254,2,0,12,0,6,6,6,0,0,0,0,0,9569.37799,1594.896332,1254,0,1254,1254,1254,1254,0,1254,1254,0,0,0,0,0,0,0,0,0,40,0,1594.896332,0,6,6,6,0,0,0,0,0,0,1,0,0,0,0,9,6,0,40,0,0,0,0,0,0,2,12,0,0,252,-1,1,20,0,0,0,0,0,0,0,0,BENIGN,130,HTTP_CONNECT
179.1.4.244-10.200.7.217-443-53283-6,10.200.7.217,53283,179.1.4.244,443,6,26/04/201711:11:18,15112,2,1,92,0,46,46,46,0,0,0,0,0,6087.877184,198.5177343,7556,10685.79768,15112,0,0,0,0,0,0,0,0,0,0,0,1,0,0,0,64,32,132.3451562,66.17257808,0,46,34.5,23,529,0,1,0,0,1,0,0,0,0,46,46,0,64,0,0,0,0,0,0,2,92,1,0,1181,269,1,32,0,0,0,0,0,0,0,0,BENIGN,91,SSL
10.200.7.199-104.91.156.236-60948-80-6,10.200.7.199,60948,104.91.156.236,80,6,26/04/201711:11:18,11675,3,3,164,0,164,0,54.66666667,94.68544415,0,0,0,0,14047.10921,513.9186296,2335,4595.707399,10550,88,584,292,193.747258,429,155,11334,5667,6905.604825,10550,784,0,0,0,0,104,104,256.9593148,256.9593148,0,164,23.42857143,61.98617357,3842.285714,0,0,0,1,0,0,0,0,1,27.33333333,54.66666667,0,104,0,0,0,0,0,0,3,164,3,0,5840,804,1,32,0,0,0,0,0,0,0,0,BENIGN,7,HTTP
172.19.1.57-10.200.7.7-50185-3128-6,172.19.1.57,50185,10.200.7.7,3128,6,26/04/201711:11:18,419925,155,472,931,878018,325,0,6.006451613,25.94562165,5840,0,1860.207627,848.9542657,2093109.484,1493.123772,670.8067093,3324.13201,62724,0,419925,2726.785714,6696.593231,66470,0,415228,881.5881104,3886.130399,62724,0,0,0,0,0,3752,9476,369.1135322,1124.01024,0,5840,1399.600318,1088.352454,1184511.063,0,0,0,1,0,0,0,0,3,1401.832536,6.006451613,1860.207627,3752,0,0,0,0,0,0,155,931,472,878018,8192,490,102,20,0,0,0,0,0,0,0,0,BENIGN,131,HTTP_PROXY
172.19.1.57-10.200.7.7-50185-3128-6,10.200.7.7,3128,172.19.1.57,50185,6,26/04/201711:11:19,1,2,0,12,0,6,6,6,0,0,0,0,0,1.20E+07,2.00E+06,1,0,1,1,1,1,0,1,1,0,0,0,0,0,0,0,0,0,40,0,2.00E+06,0,6,6,6,0,0,0,0,0,0,1,1,0,0,0,9,6,0,40,0,0,0,0,0,0,2,12,0,0,490,-1,1,20,0,0,0,0,0,0,0,0,BENIGN,7,HTTP
192.168.180.37-10.200.7.9-1986-3128-6,192.168.180.37,1986,10.200.7.9,3128,6,26/04/201711:11:18,620750,14,65,2214,37671,1448,0,158.1428571,380.9988607,4344,0,579.5538462,938.1608842,64252.91986,127.2654048,7958.333333,39890.13393,320091,0,620750,47750,91464.49058,320091,50,620728,9698.875,44065.85647,321406,0,0,0,0,0,460,2120,22.55336287,104.7120419,0,4344,498.5625,875.2124638,765996.8568,0,0,0,1,0,0,0,0,4,504.8734177,158.1428571,579.5538462,460,0,0,0,0,0,0,14,2214,65,37671,65535,215,6,32,0,0,0,0,0,0,0,0,BENIGN,130,HTTP_CONNECT
192.168.180.37-10.200.7.9-1986-3128-6,10.200.7.9,3128,192.168.180.37,1986,6,26/04/201711:11:19,6,3,0,0,0,0,0,0,0,0,0,0,0,0,5.00E+05,3,2.828427125,5,1,6,3,2.828427125,5,1,0,0,0,0,0,0,0,0,0,96,0,5.00E+05,0,0,0,0,0,0,0,0,0,0,1,0,0,0,0,0,0,0,96,0,0,0,0,0,0,3,0,0,0,215,-1,0,32,0,0,0,0,0,0,0,0,BENIGN,7,HTTP
207.244.80.182-10.200.7.199-443-46626-6,10.200.7.199,46626,207.244.80.182,443,6,26/04/201711:11:18,299110,16,9,2070,12793,1448,0,129.375,358.5291945,2896,0,1421.444444,1195.524583,49690.74922,83.58129116,12462.91667,29507.28173,89630,0,299110,19940.66667,37398.94396,98110,0,199314,24914.25,43191.82493,97750,14,0,0,0,0,340,188,53.49202634,30.08926482,0,2896,571.6538462,965.7791442,932729.3554,0,0,0,1,0,0,0,0,0,594.52,129.375,1421.444444,340,0,0,0,0,0,0,16,2070,9,12793,5840,282,15,20,0,0,0,0,0,0,0,0,BENIGN,91,SSL
192.168.180.37-10.200.7.9-1986-3128-6,10.200.7.9,3128,192.168.180.37,1986,6,26/04/201711:11:19,1,2,0,0,0,0,0,0,0,0,0,0,0,0,2.00E+06,1,0,1,1,1,1,0,1,1,0,0,0,0,0,0,0,0,0,64,0,2.00E+06,0,0,0,0,0,0,0,0,0,0,1,1,0,0,0,0,0,0,64,0,0,0,0,0,0,2,0,0,0,215,-1,0,32,0,0,0,0,0,0,0,0,BENIGN,7,HTTP
10.200.7.199-104.91.156.236-60949-80-6,10.200.7.199,60949,104.91.156.236,80,6,26/04/201711:11:19,11475,3,3,164,0,164,0,54.66666667,94.68544415,0,0,0,0,14291.939,522.875817,2295,4632.366296,10569,42,243,121.5,41.71930009,151,92,11433,5716.5,6862.471311,10569,864,0,0,0,0,104,104,261.4379085,261.4379085,0,164,23.42857143,61.98617357,3842.285714,0,0,0,1,0,0,0,0,1,27.33333333,54.66666667,0,104,0,0,0,0,0,0,3,164,3,0,5840,804,1,32,0,0,0,0,0,0,0,0,BENIGN,7,HTTP
172.19.1.45-10.200.7.6-50226-3128-6,10.200.7.6,3128,172.19.1.45,50226,6,26/04/201711:11:17,1394144,510,0,929842,0,4380,0,1823.219608,849.2249343,0,0,0,0,666962.6667,365.8158698,2738.986248,19999.40409,307262,0,1394144,2738.986248,19999.40409,307262,0,0,0,0,0,0,0,0,0,0,10248,0,365.8158698,0,0,4380,1819.651663,852.2171384,726274.051,0,0,0,1,1,0,0,0,0,1823.219608,1823.219608,0,10248,0,0,0,0,0,0,510,929842,0,0,14600,-1,506,20,0,0,0,0,0,0,0,0,BENIGN,7,HTTP
179.1.4.237-10.200.7.199-80-39146-6,10.200.7.199,39146,179.1.4.237,80,6,26/04/201711:11:19,7926,3,3,166,0,166,0,55.33333333,95.84014469,0,0,0,0,20943.7295,757.002271,1585.2,3097.610079,7119,14,438,219,289.9137803,424,14,7575,3787.5,4711.452483,7119,456,0,0,0,0,104,104,378.5011355,378.5011355,0,166,23.71428571,62.74210252,3936.571429,0,0,0,1,0,0,0,0,1,27.66666667,55.33333333,0,104,0,0,0,0,0,0,3,166,3,0,5840,804,1,32,0,0,0,0,0,0,0,0,BENIGN,126,GOOGLE
205.185.208.78-10.200.7.217-443-35703-6,205.185.208.78,443,10.200.7.217,35703,6,26/04/201711:11:19,1,2,0,0,0,0,0,0,0,0,0,0,0,0,2.00E+06,1,0,1,1,1,1,0,1,1,0,0,0,0,0,0,0,0,0,64,0,2.00E+06,0,0,0,0,0,0,0,0,0,0,1,1,0,0,0,0,0,0,64,0,0,0,0,0,0,2,0,0,0,31,-1,0,32,0,0,0,0,0,0,0,0,BENIGN,91,SSL
205.185.208.78-10.200.7.217-443-35703-6,205.185.208.78,443,10.200.7.217,35703,6,26/04/201711:11:19,351,2,5,62,0,31,31,31,0,0,0,0,0,176638.1766,19943.01994,58.5,90.26128738,206,0,0,0,0,0,0,214,53.5,101.736588,206,0,1,0,0,0,64,184,5698.005698,14245.01425,0,31,11.625,16.04402425,257.4107143,0,1,0,0,1,0,0,0,2,13.28571429,31,0,64,0,0,0,0,0,0,2,62,5,0,31,490,1,32,0,0,0,0,0,0,0,0,BENIGN,91,SSL
212.124.124.94-10.200.7.194-443-44453-6,10.200.7.194,44453,212.124.124.94,443,6,26/04/201711:11:18,493552,14,17,3193,47886,1460,0,228.0714286,509.9988634,5840,6,2816.823529,1904.319473,103492.6411,62.80999773,16451.73333,36428.00468,99214,0,491376,37798.15385,48513.16938,99301,0,296378,18523.625,38933.31829,100114,1,0,0,0,0,300,340,28.36580543,34.4441923,0,5840,1596.21875,1930.114433,3725341.725,0,0,0,1,0,0,0,0,1,1647.709677,228.0714286,2816.823529,300,0,0,0,0,0,0,14,3193,17,47886,14600,22,13,20,0,0,0,0,0,0,0,0,BENIGN,91,SSL
212.124.124.94-10.200.7.194-443-44453-6,10.200.7.194,44453,212.124.124.94,443,6,26/04/201711:11:19,430,2,0,12,0,6,6,6,0,0,0,0,0,27906.97674,4651.162791,430,0,430,430,430,430,0,430,430,0,0,0,0,0,0,0,0,0,40,0,4651.162791,0,6,6,6,0,0,0,0,0,0,1,0,0,0,0,9,6,0,40,0,0,0,0,0,0,2,12,0,0,660,-1,1,20,0,0,0,0,0,0,0,0,BENIGN,91,SSL
192.168.180.51-10.200.7.4-57745-3128-6,192.168.180.51,57745,10.200.7.4,3128,6,26/04/201711:11:18,498509,13,116,3412,207862,1460,0,262.4615385,521.7987504,10220,0,1791.913793,1919.608885,423811.8068,258.7716571,3894.601563,18641.9323,97969,0,404452,33704.33333,48235.06076,99599,98,498384,4333.773913,19752.44102,99051,0,0,0,0,0,272,2380,26.07776389,232.6938932,0,10220,1625.184615,1882.266565,3542927.423,0,0,0,1,0,0,0,0,8,1637.782946,262.4615385,1791.913793,272,0,0,0,0,0,0,13,3412,116,207862,8192,353,12,20,0,0,0,0,0,0,0,0,BENIGN,130,HTTP_CONNECT
192.168.180.51-10.200.7.4-57745-3128-6,10.200.7.4,3128,192.168.180.51,57745,6,26/04/201711:11:19,1,2,0,1029,0,1023,6,514.5,719.1275965,0,0,0,0,1.03E+09,2.00E+06,1,0,1,1,1,1,0,1,1,0,0,0,0,0,1,0,0,0,40,0,2.00E+06,0,6,1023,684,587.1652238,344763,0,1,0,0,1,0,0,0,0,1026,514.5,0,40,0,0,0,0,0,0,2,1029,0,0,353,-1,1,20,0,0,0,0,0,0,0,0,BENIGN,131,HTTP_PROXY
192.168.180.51-10.200.7.4-57745-3128-6,192.168.180.51,57745,10.200.7.4,3128,6,26/04/201711:11:19,65,1,2,6,1029,6,6,6,0,1023,6,514.5,719.1275965,15923076.92,46153.84615,32.5,45.96194078,65,0,0,0,0,0,0,0,0,0,0,0,0,0,0,0,20,40,15384.61538,30769.23077,6,1023,260.25,508.5,258572.25,0,0,0,0,1,0,0,0,2,347,6,514.5,20,0,0,0,0,0,0,1,6,2,1029,256,353,0,20,0,0,0,0,0,0,0,0,BENIGN,130,HTTP_CONNECT
192.168.180.51-10.200.7.4-57745-3128-6,10.200.7.4,3128,192.168.180.51,57745,6,26/04/201711:11:19,1,2,0,1029,0,1023,6,514.5,719.1275965,0,0,0,0,1.03E+09,2.00E+06,1,0,1,1,1,1,0,1,1,0,0,0,0,0,1,0,0,0,40,0,2.00E+06,0,6,1023,684,587.1652238,344763,0,1,0,0,1,0,0,0,0,1026,514.5,0,40,0,0,0,0,0,0,2,1029,0,0,353,-1,1,20,0,0,0,0,0,0,0,0,BENIGN,131,HTTP_PROXY
192.168.180.51-10.200.7.4-57745-3128-6,192.168.180.51,57745,10.200.7.4,3128,6,26/04/201711:11:19,217,2,0,12,0,6,6,6,0,0,0,0,0,55299.53917,9216.589862,217,0,217,217,217,217,0,217,217,0,0,0,0,0,0,0,0,0,40,0,9216.589862,0,6,6,6,0,0,0,0,0,0,1,0,0,0,0,9,6,0,40,0,0,0,0,0,0,2,12,0,0,256,-1,1,20,0,0,0,0,0,0,0,0,BENIGN,130,HTTP_CONNECT
179.1.4.237-10.200.7.199-80-39147-6,10.200.7.199,39147,179.1.4.237,80,6,26/04/201711:11:19,6011,3,3,166,0,166,0,55.33333333,95.84014469,0,0,0,0,27616.03727,998.1700216,1202.2,2348.042951,5401,80,411,205.5,33.23401872,229,182,5909,2954.5,3459.87348,5401,508,0,0,0,0,104,104,499.0850108,499.0850108,0,166,23.71428571,62.74210252,3936.571429,0,0,0,1,0,0,0,0,1,27.66666667,55.33333333,0,104,0,0,0,0,0,0,3,166,3,0,5840,804,1,32,0,0,0,0,0,0,0,0,BENIGN,126,GOOGLE
192.168.220.177-10.200.7.6-63598-3128-6,192.168.220.177,63598,10.200.7.6,3128,6,26/04/201711:11:17,1480850,7,22,907,3248,467,0,129.5714286,213.6070045,603,0,147.6363636,217.7015313,2805.820981,19.5833474,52887.5,156644.0793,739710,0,1480850,246808.3333,274414.9209,739710,349,1171924,55805.90476,170535.7113,740107,0,0,0,0,0,152,500,4.72701489,14.85633251,0,603,138.5,210.9598344,44504.05172,0,0,0,1,0,0,0,0,3,143.2758621,129.5714286,147.6363636,152,0,0,0,0,0,0,7,907,22,3248,65535,262,6,20,0,0,0,0,0,0,0,0,BENIGN,126,GOOGLE
192.168.220.177-10.200.7.6-63592-3128-6,192.168.220.177,63592,10.200.7.6,3128,6,26/04/201711:11:17,1502527,7,25,2707,9058,1874,6,386.7142857,682.2376698,1415,6,362.32,510.6215755,7830.142154,21.29745422,48468.6129,206523.0511,1147218,0,1502527,250421.1667,443313.2275,1147218,6283,355013,14792.20833,37348.97979,157371,0,1,0,0,0,140,500,4.658818111,16.63863611,6,1874,413.3030303,593.029325,351683.7803,0,1,0,0,1,0,0,0,3,426.21875,386.7142857,362.32,140,0,0,0,0,0,0,7,2707,25,9058,1024,479,6,20,0,0,0,0,0,0,0,0,BENIGN,7,HTTP
192.168.220.177-10.200.7.6-63593-3128-6,192.168.220.177,63593,10.200.7.6,3128,6,26/04/201711:11:17,1488674,3,8,780,1304,768,6,260,439.9409051,320,6,163,167.8400599,1399.903538,7.389126162,148867.4,380867.1449,1202387,0,1488674,744337,647780.5222,1202387,286287,285714,40816.28571,107824.3977,285339,0,1,0,0,0,60,160,2.015216226,5.373909936,6,768,237.6666667,287.8823413,82876.24242,0,1,0,0,1,0,0,0,2,259.2727273,260,163,60,0,0,0,0,0,0,3,780,8,1304,1024,390,2,20,0,0,0,0,0,0,0,0,BENIGN,126,GOOGLE
192.168.220.177-10.200.7.6-63600-3128-6,192.168.220.177,63600,10.200.7.6,3128,6,26/04/201711:11:17,1471286,14,48,2499,2574,1623,0,178.5,430.6200806,207,0,53.625,67.4412668,3448.003991,42.14000541,24119.44262,166197.6854,1297095,0,1471286,113175.8462,367650.7976,1333919,196,174150,3705.319149,14605.11266,93097,0,0,0,0,0,292,1020,9.515485093,32.62452032,0,1623,80.52380952,212.5123797,45161.51152,0,0,0,1,0,0,0,0,3,81.82258065,178.5,53.625,292,0,0,0,0,0,0,14,2499,48,2574,65535,313,13,20,0,0,0,0,0,0,0,0,BENIGN,130,HTTP_CONNECT
10.200.7.196-107.178.247.57-51900-443-6,10.200.7.196,51900,107.178.247.57,443,6,26/04/201711:11:17,1468855,15,13,880,467,403,0,58.66666667,116.3545485,124,0,35.92307692,41.39738627,917.0408243,19.06246702,54402.03704,253797.4604,1322985,0,1468855,104918.2143,354221.3008,1334279,0,134648,11220.66667,23382.59008,83230,0,0,0,0,0,512,436,10.21203591,8.850431118,0,403,46.44827586,87.81863869,7712.1133,0,0,0,1,0,0,0,0,0,48.10714286,58.66666667,35.92307692,512,0,0,0,0,0,0,15,880,13,467,14600,370,6,32,0,0,0,0,0,0,0,0,BENIGN,91,SSL
192.168.220.177-10.200.7.6-63592-3128-6,10.200.7.6,3128,192.168.220.177,63592,6,26/04/201711:11:19,15,2,0,12,0,6,6,6,0,0,0,0,0,8.00E+05,133333.3333,15,0,15,15,15,15,0,15,15,0,0,0,0,0,0,0,0,0,40,0,133333.3333,0,6,6,6,0,0,0,0,0,0,1,1,0,0,0,9,6,0,40,0,0,0,0,0,0,2,12,0,0,479,-1,1,20,0,0,0,0,0,0,0,0,BENIGN,7,HTTP
192.168.220.177-10.200.7.6-63600-3128-6,10.200.7.6,3128,192.168.220.177,63600,6,26/04/201711:11:19,21,2,0,12,0,6,6,6,0,0,0,0,0,571428.5714,95238.09524,21,0,21,21,21,21,0,21,21,0,0,0,0,0,0,0,0,0,40,0,95238.09524,0,6,6,6,0,0,0,0,0,0,1,1,0,0,0,9,6,0,40,0,0,0,0,0,0,2,12,0,0,313,-1,1,20,0,0,0,0,0,0,0,0,BENIGN,7,HTTP
192.168.220.177-10.200.7.6-63600-3128-6,10.200.7.6,3128,192.168.220.177,63600,6,26/04/201711:11:19,194,2,0,12,0,6,6,6,0,0,0,0,0,61855.6701,10309.27835,194,0,194,194,194,194,0,194,194,0,0,0,0,0,0,0,0,0,40,0,10309.27835,0,6,6,6,0,0,0,0,0,0,1,1,0,0,0,9,6,0,40,0,0,0,0,0,0,2,12,0,0,313,-1,1,20,0,0,0,0,0,0,0,0,BENIGN,7,HTTP
192.168.220.177-10.200.7.6-63592-3128-6,10.200.7.6,3128,192.168.220.177,63592,6,26/04/201711:11:19,398,2,0,12,0,6,6,6,0,0,0,0,0,30150.75377,5025.125628,398,0,398,398,398,398,0,398,398,0,0,0,0,0,0,0,0,0,40,0,5025.125628,0,6,6,6,0,0,0,0,0,0,1,1,0,0,0,9,6,0,40,0,0,0,0,0,0,2,12,0,0,479,-1,1,20,0,0,0,0,0,0,0,0,BENIGN,7,HTTP
172.19.1.45-10.200.7.6-50228-3128-6,10.200.7.6,3128,172.19.1.45,50228,6,26/04/201711:11:19,71099,242,0,392942,0,4380,0,1623.727273,901.8873755,0,0,0,0,5526688.139,3403.704693,295.0165975,814.9778012,8047,0,71099,295.0165975,814.9778012,8047,0,0,0,0,0,0,0,0,0,0,4888,0,3403.704693,0,0,4380,1617.045267,906.0294873,820889.4318,0,0,0,1,1,0,0,0,0,1623.727273,1623.727273,0,4888,0,0,0,0,0,0,242,392942,0,0,14600,-1,238,20,0,0,0,0,0,0,0,0,BENIGN,7,HTTP
179.1.4.237-10.200.7.199-80-39149-6,10.200.7.199,39149,179.1.4.237,80,6,26/04/201711:11:19,8015,3,3,166,0,166,0,55.33333333,95.84014469,0,0,0,0,20711.16656,748.5963818,1603,2788.205068,6542,41,1139,569.5,685.186471,1054,85,7002,3501,4300.623443,6542,460,0,0,0,0,104,104,374.2981909,374.2981909,0,166,23.71428571,62.74210252,3936.571429,0,0,0,1,0,0,0,0,1,27.66666667,55.33333333,0,104,0,0,0,0,0,0,3,166,3,0,5840,804,1,32,0,0,0,0,0,0,0,0,BENIGN,126,GOOGLE
192.168.10.47-10.200.7.6-51851-3128-6,192.168.10.47,51851,10.200.7.6,3128,6,26/04/201711:11:19,7233,3,12,232,3664,226,0,77.33333333,128.784057,2168,0,305.3333333,720.6877187,538642.3337,2073.828287,516.6428571,970.3987766,3203,0,5313,2656.5,772.8677118,3203,2110,7126,647.8181818,1529.590848,5069,0,0,0,0,0,72,288,414.7656574,1659.06263,0,2168,243.5,628.9926338,395631.7333,0,0,0,1,0,0,0,0,4,259.7333333,77.33333333,305.3333333,72,0,0,0,0,0,0,3,232,12,3664,8192,245,2,20,0,0,0,0,0,0,0,0,BENIGN,130,HTTP_CONNECT
192.168.180.29-10.200.7.7-56064-3128-6,192.168.180.29,56064,10.200.7.7,3128,6,26/04/201711:11:18,1221637,13,28,1096,808,244,0,84.30769231,107.862864,92,0,28.85714286,32.37021297,1558.564451,33.56152441,30540.925,153884.1602,969698,0,1221637,101803.0833,276281.6863,969868,0,251386,9310.592593,26491.07653,100629,0,0,0,0,0,284,608,10.64145896,22.92006545,0,244,45.33333333,69.37127636,4812.373984,0,0,0,1,0,0,0,0,2,46.43902439,84.30769231,28.85714286,284,0,0,0,0,0,0,13,1096,28,808,8192,524,11,20,0,0,0,0,0,0,0,0,BENIGN,130,HTTP_CONNECT
10.200.7.217-74.121.133.2-33382-443-6,10.200.7.217,33382,74.121.133.2,443,6,26/04/201711:11:18,1208022,13,8,648,306,244,0,49.84615385,88.49938432,92,2,38.25,39.49954792,789.720717,17.38378937,60401.1,195018.8389,876201,0,1208022,100668.5,276344.6387,970892,0,238156,34022.28571,57733.88334,129733,0,0,0,0,0,300,168,10.76139342,6.62239595,0,244,43.36363636,71.56185833,5121.099567,0,0,0,1,0,0,0,0,0,45.42857143,49.84615385,38.25,300,0,0,0,0,0,0,13,648,8,306,14600,35141,11,20,0,0,0,0,0,0,0,0,BENIGN,91,SSL
192.168.180.29-10.200.7.7-56064-3128-6,192.168.180.29,56064,10.200.7.7,3128,6,26/04/201711:11:19,1463,1,1,6,6,6,6,6,0,6,6,6,0,8202.323992,1367.053999,1463,0,1463,1463,0,0,0,0,0,0,0,0,0,0,0,0,0,0,20,20,683.5269993,683.5269993,6,6,6,0,0,0,0,0,0,1,1,0,0,1,9,6,6,20,0,0,0,0,0,0,1,6,1,6,64,524,0,20,0,0,0,0,0,0,0,0,BENIGN,130,HTTP_CONNECT
192.168.180.29-10.200.7.7-56064-3128-6,10.200.7.7,3128,192.168.180.29,56064,6,26/04/201711:11:19,247,2,0,12,0,6,6,6,0,0,0,0,0,48582.99595,8097.165992,247,0,247,247,247,247,0,247,247,0,0,0,0,0,0,0,0,0,40,0,8097.165992,0,6,6,6,0,0,0,0,0,0,1,1,0,0,0,9,6,0,40,0,0,0,0,0,0,2,12,0,0,524,-1,1,20,0,0,0,0,0,0,0,0,BENIGN,7,HTTP
212.124.124.94-10.200.7.194-443-44459-6,10.200.7.194,44459,212.124.124.94,443,6,26/04/201711:11:18,298573,6,6,2277,628,1970,0,379.5,784.7276598,448,0,104.6666667,175.9405203,9729.613863,40.19117603,27143,45398.1869,98201,0,198871,39774.2,52941.58514,98013,510,200728,40145.6,54291.07439,100102,0,0,0,0,0,140,132,20.09558801,20.09558801,0,1970,223.4615385,541.176129,292871.6026,0,0,0,1,0,0,0,0,1,242.0833333,379.5,104.6666667,140,0,0,0,0,0,0,6,2277,6,628,14600,19,5,20,0,0,0,0,0,0,0,0,BENIGN,91,SSL
192.168.180.51-10.200.7.4-57751-3128-6,192.168.180.51,57751,10.200.7.4,3128,6,26/04/201711:11:18,301145,5,37,2258,1485,1970,0,451.6,853.988466,479,0,40.13513514,86.93010032,12429.22844,139.4676983,7345,26044.09987,99865,0,201202,50300.5,99279.06286,199219,582,301044,8362.333333,27685.51698,99865,0,0,0,0,0,112,800,16.60329741,122.8644009,0,1970,87.04651163,306.3894933,93874.52159,0,0,0,1,0,0,0,0,7,89.11904762,451.6,40.13513514,112,0,0,0,0,0,0,5,2258,37,1485,8192,324,4,20,0,0,0,0,0,0,0,0,BENIGN,130,HTTP_CONNECT
192.168.180.51-10.200.7.4-57751-3128-6,10.200.7.4,3128,192.168.180.51,57751,6,26/04/201711:11:19,1,2,0,485,0,479,6,242.5,334.4615075,0,0,0,0,4.85E+08,2.00E+06,1,0,1,1,1,1,0,1,1,0,0,0,0,0,1,0,0,0,40,0,2.00E+06,0,6,479,321.3333333,273.0866773,74576.33333,0,1,0,0,1,0,0,0,0,482,242.5,0,40,0,0,0,0,0,0,2,485,0,0,324,-1,1,20,0,0,0,0,0,0,0,0,BENIGN,7,HTTP
192.168.180.51-10.200.7.4-57751-3128-6,10.200.7.4,3128,192.168.180.51,57751,6,26/04/201711:11:19,1,2,0,485,0,479,6,242.5,334.4615075,0,0,0,0,4.85E+08,2.00E+06,1,0,1,1,1,1,0,1,1,0,0,0,0,0,1,0,0,0,40,0,2.00E+06,0,6,479,321.3333333,273.0866773,74576.33333,0,1,0,0,1,0,0,0,0,482,242.5,0,40,0,0,0,0,0,0,2,485,0,0,324,-1,1,20,0,0,0,0,0,0,0,0,BENIGN,7,HTTP
192.168.180.51-10.200.7.4-57751-3128-6,10.200.7.4,3128,192.168.180.51,57751,6,26/04/201711:11:19,1,2,0,485,0,479,6,242.5,334.4615075,0,0,0,0,4.85E+08,2.00E+06,1,0,1,1,1,1,0,1,1,0,0,0,0,0,1,0,0,0,40,0,2.00E+06,0,6,479,321.3333333,273.0866773,74576.33333,0,1,0,0,1,0,0,0,0,482,242.5,0,40,0,0,0,0,0,0,2,485,0,0,324,-1,1,20,0,0,0,0,0,0,0,0,BENIGN,7,HTTP
192.168.180.51-10.200.7.4-57751-3128-6,192.168.180.51,57751,10.200.7.4,3128,6,26/04/201711:11:19,1572,2,0,12,0,6,6,6,0,0,0,0,0,7633.587786,1272.264631,1572,0,1572,1572,1572,1572,0,1572,1572,0,0,0,0,0,0,0,0,0,40,0,1272.264631,0,6,6,6,0,0,0,0,0,0,1,0,0,0,0,9,6,0,40,0,0,0,0,0,0,2,12,0,0,254,-1,1,20,0,0,0,0,0,0,0,0,BENIGN,130,HTTP_CONNECT
213.239.207.69-10.200.7.196-80-35709-6,10.200.7.196,35709,213.239.207.69,80,6,26/04/201711:11:18,588186,10,8,293,4904,292,0,29.3,92.30390626,1448,0,613,695.2927441,8835.640427,30.60256449,34599.17647,95332.45404,362009,0,588186,65354,126322.2443,362458,0,544651,77807.28571,142363.5338,362009,0,0,0,0,0,328,264,17.00142472,13.60113978,0,1448,273.5263158,529.880738,280773.5965,0,0,0,1,0,0,0,0,0,288.7222222,29.3,613,328,0,0,0,0,0,0,10,293,8,4904,14600,804,2,32,0,0,0,0,0,0,0,0,BENIGN,40,CONTENT_FLASH
212.124.124.94-10.200.7.194-443-44462-6,10.200.7.194,44462,212.124.124.94,443,6,26/04/201711:11:18,309326,5,6,2033,628,1970,0,406.6,874.2075268,448,0,104.6666667,175.9405203,8602.57463,35.56118787,30932.6,48892.37731,102953,0,205996,51499,58490.76912,103071,604,208333,41666.6,56170.37632,103197,0,0,0,0,0,120,132,16.16417631,19.39701157,0,1970,221.75,565.203282,319454.75,0,0,0,1,0,0,0,0,1,241.9090909,406.6,104.6666667,120,0,0,0,0,0,0,5,2033,6,628,14600,19,4,20,0,0,0,0,0,0,0,0,BENIGN,91,SSL
192.168.180.51-10.200.7.4-57753-3128-6,192.168.180.51,57753,10.200.7.4,3128,6,26/04/201711:11:18,312426,6,29,2502,648,1970,0,417,768.5180544,137,0,22.34482759,41.01852879,10082.38751,112.0265279,9189,29326.42234,103678,0,208618,41723.6,56289.63186,104256,490,312316,11154.14286,32071.79487,103678,0,0,0,0,0,132,616,19.20454764,92.82198024,0,1970,87.5,328.7378026,108068.5429,0,0,0,1,0,0,0,0,4,90,417,22.34482759,132,0,0,0,0,0,0,6,2502,29,648,8192,324,5,20,0,0,0,0,0,0,0,0,BENIGN,130,HTTP_CONNECT
192.168.180.51-10.200.7.4-57753-3128-6,10.200.7.4,3128,192.168.180.51,57753,6,26/04/201711:11:19,1,2,0,485,0,479,6,242.5,334.4615075,0,0,0,0,4.85E+08,2.00E+06,1,0,1,1,1,1,0,1,1,0,0,0,0,0,1,0,0,0,40,0,2.00E+06,0,6,479,321.3333333,273.0866773,74576.33333,0,1,0,0,1,0,0,0,0,482,242.5,0,40,0,0,0,0,0,0,2,485,0,0,324,-1,1,20,0,0,0,0,0,0,0,0,BENIGN,131,HTTP_PROXY
